construct	site	cbegf_domains	uniprot_range	n_models_present	plddt	bvs_median	bvs_seed_sd	bvs_seed_sd_pct	cn_median	n_ligand_residues	ligand_positions_uniprot	calibration_overlap
FBN1_cbEGF1-3_Ca3	0	1,2,3	246-529	5	74.2	1.514	0.121	8.0	7	6	288;289;291;306;307;310	
FBN1_cbEGF1-3_Ca3	1	1,2,3	246-529	5	74.2	1.559	0.611	39.2	7	6	246;247;249;264;265;268	
FBN1_cbEGF1-3_Ca3	2	1,2,3	246-529	4	74.2	2.194	0.18	8.2	7.0	6	490;491;493;506;507;510	
FBN1_cbEGF3-5_Ca3	0	3,4,5	490-612	5	94.3	1.825	0.038	2.1	7	6	530;531;533;548;549;552	
FBN1_cbEGF3-5_Ca3	1	3,4,5	490-612	5	94.3	1.678	0.069	4.1	7	6	490;491;493;506;507;510	
FBN1_cbEGF3-5_Ca3	2	3,4,5	490-612	5	94.3	1.963	0.076	3.9	7	6	572;573;575;589;590;593	
FBN1_cbEGF5-7_Ca3	0	5,6,7	572-764	5	90.9	1.878	0.087	4.6	7	5	613;614;630;631;634	
FBN1_cbEGF5-7_Ca3	1	5,6,7	572-764	5	90.9	2.013	0.325	16.2	6	6	572;573;575;589;590;593	
FBN1_cbEGF5-7_Ca3	2	5,6,7	572-764	5	90.9	1.936	0.074	3.8	7	5	723;724;741;742;745	
FBN1_cbEGF7-9_Ca3	0	7,8,9	723-846	5	95.9	1.85	0.016	0.9	7	6	807;808;810;823;824;827	
FBN1_cbEGF7-9_Ca3	1	7,8,9	723-846	5	95.9	1.816	0.047	2.6	7	5	765;766;783;784;787	
FBN1_cbEGF7-9_Ca3	2	7,8,9	723-846	5	95.9	1.781	0.047	2.7	7	6	723;724;726;741;742;745	
FBN1_cbEGF9-11_Ca3	0	9,10,11	807-1069	5	90.0	1.79	0.007	0.4	7	6	1028;1029;1031;1046;1047;1050	2W86 (cbEGF9-hyb2-cbEGF10)
FBN1_cbEGF9-11_Ca3	1	9,10,11	807-1069	5	90.0	1.596	0.026	1.6	7	6	910;911;913;928;929;932	2W86 (cbEGF9-hyb2-cbEGF10)
FBN1_cbEGF9-11_Ca3	2	9,10,11	807-1069	5	90.0	1.412	0.067	4.8	6	5	808;810;823;824;827	2W86 (cbEGF9-hyb2-cbEGF10)
FBN1_cbEGF11-13_Ca3	0	11,12,13	1028-1154	5	92.8	1.88	0.047	2.5	7	6	1113;1114;1116;1131;1132;1135	1LMJ (cbEGF12-13)
FBN1_cbEGF11-13_Ca3	1	11,12,13	1028-1154	5	92.8	1.763	0.022	1.3	7	6	1070;1071;1073;1088;1089;1092	1LMJ (cbEGF12-13)
FBN1_cbEGF11-13_Ca3	2	11,12,13	1028-1154	5	92.8	1.669	0.044	2.6	8	6	1028;1029;1031;1046;1047;1050	1LMJ (cbEGF12-13)
FBN1_cbEGF13-15_Ca3	0	13,14,15	1113-1237	5	95.9	1.741	0.02	1.2	7	6	1197;1198;1200;1214;1215;1218	
FBN1_cbEGF13-15_Ca3	1	13,14,15	1113-1237	5	95.9	1.778	0.073	4.1	7	6	1155;1156;1158;1173;1174;1177	
FBN1_cbEGF13-15_Ca3	2	13,14,15	1113-1237	5	95.9	1.707	0.056	3.3	6	5	1113;1114;1131;1132;1135	
FBN1_cbEGF15-17_Ca3	0	15,16,17	1197-1321	5	94.6	1.754	0.03	1.7	7	5	1238;1239;1256;1257;1260	
FBN1_cbEGF15-17_Ca3	1	15,16,17	1197-1321	5	94.6	1.789	0.029	1.6	7	5	1280;1281;1298;1299;1302	
FBN1_cbEGF15-17_Ca3	2	15,16,17	1197-1321	5	94.6	1.866	0.102	5.5	7	5	1197;1198;1214;1215;1218	
FBN1_cbEGF17-19_Ca3	0	17,18,19	1280-1403	5	95.7	1.736	0.034	2.0	7	5	1322;1323;1341;1342;1345	
FBN1_cbEGF17-19_Ca3	1	17,18,19	1280-1403	5	95.7	1.795	0.049	2.7	7	5	1363;1364;1382;1383;1386	
FBN1_cbEGF17-19_Ca3	2	17,18,19	1280-1403	5	95.7	1.618	0.148	9.2	6	4	1281;1298;1299;1302	
FBN1_cbEGF19-21_Ca3	0	19,20,21	1363-1486	5	95.3	1.766	0.114	6.5	7	5	1446;1447;1463;1464;1467	
FBN1_cbEGF19-21_Ca3	1	19,20,21	1363-1486	5	95.3	1.949	0.068	3.5	7	5	1404;1405;1422;1423;1426	
FBN1_cbEGF19-21_Ca3	2	19,20,21	1363-1486	5	95.3	1.804	0.235	13.0	7	5	1363;1364;1382;1383;1386	
FBN1_cbEGF21-23_Ca3	0	21,22,23	1446-1647	5	93.9	1.774	0.038	2.1	7	5	1606;1607;1624;1625;1628	1UZJ (cbEGF22-TB4-cbEGF23)
FBN1_cbEGF21-23_Ca3	1	21,22,23	1446-1647	5	93.9	1.747	0.046	2.7	7	6	1487;1488;1490;1504;1505;1508	1UZJ (cbEGF22-TB4-cbEGF23)
FBN1_cbEGF21-23_Ca3	2	21,22,23	1446-1647	5	93.9	1.642	0.089	5.4	7	5	1446;1447;1463;1464;1467	1UZJ (cbEGF22-TB4-cbEGF23)
FBN1_cbEGF23-25_Ca3	0	23,24,25	1606-1807	5	94.0	1.876	0.015	0.8	7	5	1766;1767;1784;1785;1788	
FBN1_cbEGF23-25_Ca3	1	23,24,25	1606-1807	5	94.0	1.809	0.022	1.2	7	5	1648;1649;1665;1666;1669	
FBN1_cbEGF23-25_Ca3	2	23,24,25	1606-1807	5	94.0	1.676	0.186	11.1	6	6	1606;1607;1609;1624;1625;1628	
FBN1_cbEGF25-27_Ca3	0	25,26,27	1766-1890	5	95.5	1.868	0.029	1.6	7	6	1808;1809;1811;1826;1827;1830	
FBN1_cbEGF25-27_Ca3	1	25,26,27	1766-1890	5	95.5	1.94	0.071	3.6	7	6	1849;1850;1852;1867;1868;1871	
FBN1_cbEGF25-27_Ca3	2	25,26,27	1766-1890	5	95.5	1.702	0.066	3.9	6	6	1766;1767;1769;1784;1785;1788	
FBN1_cbEGF27-29_Ca3	0	27,28,29	1849-1972	5	95.1	1.853	0.028	1.5	7	6	1930;1931;1933;1949;1950;1953	
FBN1_cbEGF27-29_Ca3	1	27,28,29	1849-1972	5	95.1	1.74	0.025	1.4	7	6	1891;1892;1894;1907;1908;1911	
FBN1_cbEGF27-29_Ca3	2	27,28,29	1849-1972	5	95.1	1.626	0.137	8.4	6	5	1850;1852;1867;1868;1871	
FBN1_cbEGF29-31_Ca3	0	29,30,31	1930-2054	5	92.6	1.749	0.047	2.7	7	6	2013;2014;2016;2031;2032;2035	
FBN1_cbEGF29-31_Ca3	1	29,30,31	1930-2054	5	92.6	1.674	0.074	4.4	6	5	1931;1933;1949;1950;1953	
FBN1_cbEGF29-31_Ca3	2	29,30,31	1930-2054	5	92.6	1.855	0.043	2.3	7	6	1973;1974;1976;1991;1992;1995	
FBN1_cbEGF31-33_Ca3	0	31,32,33	2013-2205	5	91.0	1.851	0.034	1.8	7	6	2127;2128;2130;2144;2145;2148	1EMN/1EMO (cbEGF32-33)
FBN1_cbEGF31-33_Ca3	1	31,32,33	2013-2205	5	91.0	1.92	0.052	2.7	7	6	2166;2167;2169;2183;2184;2187	1EMN/1EMO (cbEGF32-33)
FBN1_cbEGF31-33_Ca3	2	31,32,33	2013-2205	5	91.0	1.787	0.016	0.9	7	6	2013;2014;2016;2031;2032;2035	1EMN/1EMO (cbEGF32-33)
FBN1_cbEGF33-35_Ca3	0	33,34,35	2166-2290	5	92.7	1.912	0.124	6.5	7	6	2247;2248;2250;2267;2268;2271	
FBN1_cbEGF33-35_Ca3	1	33,34,35	2166-2290	5	92.7	1.809	0.048	2.7	7	6	2206;2207;2209;2223;2224;2227	
FBN1_cbEGF33-35_Ca3	2	33,34,35	2166-2290	5	92.7	1.676	0.038	2.2	7	6	2166;2167;2169;2183;2184;2187	
FBN1_cbEGF35-37_Ca3	0	35,36,37	2247-2443	5	91.9	1.978	0.051	2.6	7	6	2402;2403;2405;2420;2421;2424	
FBN1_cbEGF35-37_Ca3	1	35,36,37	2247-2443	5	91.9	1.865	0.048	2.6	7	6	2291;2292;2294;2309;2310;2313	
FBN1_cbEGF35-37_Ca3	2	35,36,37	2247-2443	5	91.9	1.88	0.131	7.0	7	6	2247;2248;2250;2267;2268;2271	
FBN1_cbEGF37-39_Ca3	0	37,38,39	2402-2523	5	94.2	1.852	0.079	4.3	7	6	2444;2445;2447;2461;2462;2465	
FBN1_cbEGF37-39_Ca3	1	37,38,39	2402-2523	5	94.2	1.92	0.024	1.2	7	6	2485;2486;2488;2502;2503;2506	
FBN1_cbEGF37-39_Ca3	2	37,38,39	2402-2523	5	94.2	1.765	0.056	3.2	6	6	2402;2403;2405;2420;2421;2424	
FBN1_cbEGF39-41_Ca3	0	39,40,41	2485-2606	5	89.1	1.868	0.065	3.5	7	5	2567;2568;2583;2584;2587	
FBN1_cbEGF39-41_Ca3	1	39,40,41	2485-2606	5	89.1	1.801	0.103	5.7	7	6	2524;2525;2527;2543;2544;2547	
FBN1_cbEGF39-41_Ca3	2	39,40,41	2485-2606	5	89.1	1.886	0.027	1.4	6	6	2485;2486;2488;2502;2503;2506	
FBN1_cbEGF41-43_Ca3	0	41,42,43	2567-2687	5	87.2	1.835	0.038	2.0	7	6	2607;2608;2610;2624;2625;2628	
FBN1_cbEGF41-43_Ca3	1	41,42,43	2567-2687	5	87.2	1.744	0.059	3.4	7	6	2648;2649;2651;2665;2666;2669	
FBN1_cbEGF41-43_Ca3	2	41,42,43	2567-2687	5	87.2	1.807	0.121	6.7	7	6	2567;2568;2570;2583;2584;2587	
