job	base	mutation	mutation_expected	identity_ok	site	status	n_models_present	n_models	rmsd_ca_A	plddt_mut	plddt_wt	bvs_wt	bvs_mut	delta_bvs	delta_bvs_pct	wt_seed_sd	z_vs_seed_noise	cn_wt	cn_mut	ion_shift_A	jaccard_median
fbn1_cbegf12_13_c1138f_ca2	fbn1_cbegf12_13	C70F	C1138F	True	0	present	5	5	1.252	87.7	91.7	1.835	1.795	-0.04	-2.2	0.041	-0.97	7	8	0.67	1.0
fbn1_cbegf12_13_c1138f_ca2	fbn1_cbegf12_13	C70F	C1138F	True	1	present	5	5	1.252	87.7	91.7	1.81	1.941	0.131	7.3	0.223	0.59	6	7	1.25	1.0
fbn1_cbegf12_13_d1113g_ca2	fbn1_cbegf12_13	D45G	D1113G	True	0	present	5	5	1.16	91.0	91.7	1.835	1.707	-0.128	-7.0	0.041	-3.09	7	5	0.71	0.83
fbn1_cbegf12_13_d1113g_ca2	fbn1_cbegf12_13	D45G	D1113G	True	1	present	5	5	1.16	91.0	91.7	1.81	1.587	-0.223	-12.3	0.223	-1.0	6	6	0.77	1.0
fbn1_cbegf12_13_e1073k_ca2	fbn1_cbegf12_13	E5K	E1073K	True	0	present	5	5	1.117	92.4	91.7	1.835	1.888	0.053	2.9	0.041	1.28	7	7	0.43	1.0
fbn1_cbegf12_13_e1073k_ca2	fbn1_cbegf12_13	E5K	E1073K	True	1	present	5	5	1.117	92.4	91.7	1.81	1.594	-0.216	-11.9	0.223	-0.97	6	6	1.15	0.83
fbn1_cbegf12_13_p1141l_ca2	fbn1_cbegf12_13	P73L	P1141L	True	0	present	5	5	1.033	90.6	91.7	1.835	1.918	0.084	4.6	0.041	2.03	7	7	0.83	1.0
fbn1_cbegf12_13_p1141l_ca2	fbn1_cbegf12_13	P73L	P1141L	True	1	present	5	5	1.033	90.6	91.7	1.81	1.863	0.053	2.9	0.223	0.24	6	7	1.33	1.0
fbn1_cbegf22_tb4_cbegf23_d1487g_ca2	fbn1_cbegf22_tb4_cbegf23	D2G	D1487G	True	0	present	5	5	0.89	93.4	94.2	1.736	1.734	-0.002	-0.1	0.071	-0.03	7	7	0.28	1.0
fbn1_cbegf22_tb4_cbegf23_d1487g_ca2	fbn1_cbegf22_tb4_cbegf23	D2G	D1487G	True	1	present	5	5	0.89	93.4	94.2	1.718	1.531	-0.187	-10.9	0.046	-4.07	7	5	0.66	0.83
fbn1_cbegf32_33_e2130k_ca2	fbn1_cbegf32_33	E4K	E2130K	True	0	present	5	5	1.516	90.0	88.1	2.239	1.968	-0.27	-12.1	0.426	-0.63	7	7	0.58	1.0
fbn1_cbegf32_33_e2130k_ca2	fbn1_cbegf32_33	E4K	E2130K	True	1	present	4	5	1.516	90.0	88.1	1.847	1.629	-0.218	-11.8	0.127	-1.72	7	4.5	1.21	0.67
fbn1_cbegf32_33_n2144s_ca2	fbn1_cbegf32_33	N18S	N2144S	True	0	present	5	5	1.861	87.0	88.1	2.239	2.166	-0.072	-3.2	0.426	-0.17	7	7	1.0	1.0
fbn1_cbegf32_33_n2144s_ca2	fbn1_cbegf32_33	N18S	N2144S	True	1	present	5	5	1.861	87.0	88.1	1.847	1.32	-0.526	-28.5	0.127	-4.15	7	7	1.89	0.83
fbn1_cbegf32_33_n2183s_ca2	fbn1_cbegf32_33	N57S	N2183S	True	0	present	5	5	1.358	89.9	88.1	2.239	1.636	-0.603	-26.9	0.426	-1.41	7	7	1.15	1.0
fbn1_cbegf32_33_n2183s_ca2	fbn1_cbegf32_33	N57S	N2183S	True	1	present	5	5	1.358	89.9	88.1	1.847	1.728	-0.118	-6.4	0.127	-0.93	7	7	1.48	1.0
fbn1_cbegf9_hyb2_cbegf10_e913k_ca2	fbn1_cbegf9_hyb2_cbegf10	E107K	E913K	True	0	present	5	5	1.603	93.5	94.6	1.797	1.536	-0.261	-14.5	0.051	-5.08	7	6	0.66	0.83
fbn1_cbegf9_hyb2_cbegf10_e913k_ca2	fbn1_cbegf9_hyb2_cbegf10	E107K	E913K	True	1	present	5	5	1.603	93.5	94.6	1.709	1.898	0.188	11.0	0.028	6.75	7	7	2.41	1.0
