construct	job_name	cbegf_domains	uniprot_range	site	ligand_positions_uniprot	n_models_present	plddt_site	plddt_construct	bvs_wt	cn_wt	seed_sd_bvs	seed_sd_pct	ion_seed_shift_A	pass_seed_spread	pass_occupancy	pass_plddt	admitted	margin_to_nearest_limit	n_variants_at_site
cbEGF1-3	FBN1_cbEGF1-3_Ca3	1,2,3	246-529	0	288;289;291;306;307;310	5	94.7	74.2	1.514	7.0	0.121	8.0	0.19	True	True	True	True	0.2	1
cbEGF1-3	FBN1_cbEGF1-3_Ca3	1,2,3	246-529	1	246;247;249;264;265;268	5	89.7	74.2	1.559	7.0	0.611	39.2	0.61	False	True	True	False	-1.613	1
cbEGF1-3	FBN1_cbEGF1-3_Ca3	1,2,3	246-529	2	490;491;493;506;507;510	4	89.9	74.2	2.194	7.0	0.18	8.2	0.58	True	False	True	False	-0.2	2
cbEGF11-13	FBN1_cbEGF11-13_Ca3	11,12,13	1028-1154	0	1113;1114;1116;1131;1132;1135	5	97.5	92.8	1.88	7.0	0.047	2.5	0.14	True	True	True	True	0.2	0
cbEGF11-13	FBN1_cbEGF11-13_Ca3	11,12,13	1028-1154	1	1070;1071;1073;1088;1089;1092	5	97.5	92.8	1.763	7.0	0.022	1.3	0.07	True	True	True	True	0.2	0
cbEGF11-13	FBN1_cbEGF11-13_Ca3	11,12,13	1028-1154	2	1028;1029;1031;1046;1047;1050	5	94.4	92.8	1.669	8.0	0.044	2.6	0.07	True	True	True	True	0.2	0
cbEGF13-15	FBN1_cbEGF13-15_Ca3	13,14,15	1113-1237	0	1197;1198;1200;1214;1215;1218	5	98.3	95.9	1.741	7.0	0.02	1.2	0.07	True	True	True	True	0.2	1
cbEGF13-15	FBN1_cbEGF13-15_Ca3	13,14,15	1113-1237	1	1155;1156;1158;1173;1174;1177	5	97.4	95.9	1.778	7.0	0.073	4.1	0.09	True	True	True	True	0.2	3
cbEGF13-15	FBN1_cbEGF13-15_Ca3	13,14,15	1113-1237	2	1113;1114;1116;1131;1132;1135	5	95.8	95.9	1.707	6.0	0.056	3.3	0.07	True	True	True	True	0.2	0
cbEGF15-17	FBN1_cbEGF15-17_Ca3	15,16,17	1197-1321	0	1238;1239;1241;1256;1257;1260	5	96.7	94.6	1.754	7.0	0.03	1.7	0.1	True	True	True	True	0.2	2
cbEGF15-17	FBN1_cbEGF15-17_Ca3	15,16,17	1197-1321	1	1280;1281;1283;1298;1299;1302	5	97.5	94.6	1.789	7.0	0.029	1.6	0.17	True	True	True	True	0.2	2
cbEGF15-17	FBN1_cbEGF15-17_Ca3	15,16,17	1197-1321	2	1197;1198;1200;1214;1215;1218	5	94.7	94.6	1.866	7.0	0.102	5.5	0.06	True	True	True	True	0.2	0
cbEGF17-19	FBN1_cbEGF17-19_Ca3	17,18,19	1280-1403	0	1322;1323;1325;1341;1342;1345	5	98.2	95.7	1.736	7.0	0.034	2.0	0.16	True	True	True	True	0.2	1
cbEGF17-19	FBN1_cbEGF17-19_Ca3	17,18,19	1280-1403	1	1363;1364;1366;1382;1383;1386	5	98.3	95.7	1.795	7.0	0.049	2.7	0.14	True	True	True	True	0.2	2
cbEGF17-19	FBN1_cbEGF17-19_Ca3	17,18,19	1280-1403	2	1280;1281;1283;1298;1299;1302	5	94.8	95.7	1.618	6.0	0.148	9.2	0.49	True	True	True	True	0.2	0
cbEGF19-21	FBN1_cbEGF19-21_Ca3	19,20,21	1363-1486	0	1446;1447;1449;1463;1464;1467	5	97.1	95.3	1.766	7.0	0.114	6.5	0.08	True	True	True	True	0.2	2
cbEGF19-21	FBN1_cbEGF19-21_Ca3	19,20,21	1363-1486	1	1404;1405;1407;1422;1423;1426	5	97.1	95.3	1.949	7.0	0.068	3.5	0.23	True	True	True	True	0.2	0
cbEGF19-21	FBN1_cbEGF19-21_Ca3	19,20,21	1363-1486	2	1363;1364;1366;1382;1383;1386	5	94.9	95.3	1.804	7.0	0.235	13.0	0.08	True	True	True	True	0.13	0
cbEGF21-23	FBN1_cbEGF21-23_Ca3	21,22,23	1446-1647	0	1606;1607;1609;1624;1625;1628	5	98.5	93.9	1.774	7.0	0.038	2.1	0.1	True	True	True	True	0.2	1
cbEGF21-23	FBN1_cbEGF21-23_Ca3	21,22,23	1446-1647	1	1487;1488;1490;1504;1505;1508	5	97.6	93.9	1.747	7.0	0.046	2.7	0.08	True	True	True	True	0.2	3
cbEGF21-23	FBN1_cbEGF21-23_Ca3	21,22,23	1446-1647	2	1446;1447;1449;1463;1464;1467	5	92.0	93.9	1.642	7.0	0.089	5.4	0.07	True	True	True	True	0.2	0
cbEGF23-25	FBN1_cbEGF23-25_Ca3	23,24,25	1606-1807	0	1766;1767;1769;1784;1785;1788	5	97.9	94.0	1.876	7.0	0.015	0.8	0.04	True	True	True	True	0.2	1
cbEGF23-25	FBN1_cbEGF23-25_Ca3	23,24,25	1606-1807	1	1648;1649;1651;1665;1666;1669	5	97.6	94.0	1.809	7.0	0.022	1.2	0.09	True	True	True	True	0.2	2
cbEGF23-25	FBN1_cbEGF23-25_Ca3	23,24,25	1606-1807	2	1606;1607;1609;1624;1625;1628	5	94.4	94.0	1.676	6.0	0.186	11.1	0.07	True	True	True	True	0.2	0
cbEGF25-27	FBN1_cbEGF25-27_Ca3	25,26,27	1766-1890	0	1808;1809;1811;1826;1827;1830	5	97.9	95.5	1.868	7.0	0.029	1.6	0.08	True	True	True	True	0.2	2
cbEGF25-27	FBN1_cbEGF25-27_Ca3	25,26,27	1766-1890	1	1849;1850;1852;1867;1868;1871	5	96.4	95.5	1.94	7.0	0.071	3.6	0.1	True	True	True	True	0.2	1
cbEGF25-27	FBN1_cbEGF25-27_Ca3	25,26,27	1766-1890	2	1766;1767;1769;1784;1785;1788	5	95.3	95.5	1.702	6.0	0.066	3.9	0.06	True	True	True	True	0.2	0
cbEGF27-29	FBN1_cbEGF27-29_Ca3	27,28,29	1849-1972	0	1930;1931;1933;1949;1950;1953	5	97.8	95.1	1.853	7.0	0.028	1.5	0.07	True	True	True	True	0.2	2
cbEGF27-29	FBN1_cbEGF27-29_Ca3	27,28,29	1849-1972	1	1891;1892;1894;1907;1908;1911	5	97.7	95.1	1.74	7.0	0.025	1.4	0.1	True	True	True	True	0.2	5
cbEGF27-29	FBN1_cbEGF27-29_Ca3	27,28,29	1849-1972	2	1849;1850;1852;1867;1868;1871	5	92.4	95.1	1.626	6.0	0.137	8.4	0.06	True	True	True	True	0.2	0
cbEGF29-31	FBN1_cbEGF29-31_Ca3	29,30,31	1930-2054	0	2013;2014;2016;2031;2032;2035	5	97.2	92.6	1.749	7.0	0.047	2.7	0.11	True	True	True	True	0.2	0
cbEGF29-31	FBN1_cbEGF29-31_Ca3	29,30,31	1930-2054	1	1930;1931;1933;1949;1950;1953	5	92.4	92.6	1.674	6.0	0.074	4.4	0.15	True	True	True	True	0.2	0
cbEGF29-31	FBN1_cbEGF29-31_Ca3	29,30,31	1930-2054	2	1973;1974;1976;1991;1992;1995	5	97.2	92.6	1.855	7.0	0.043	2.3	0.21	True	True	True	True	0.2	3
cbEGF3-5	FBN1_cbEGF3-5_Ca3	3,4,5	490-612	0	530;531;533;548;549;552	5	97.2	94.3	1.825	7.0	0.038	2.1	0.1	True	True	True	True	0.2	2
cbEGF3-5	FBN1_cbEGF3-5_Ca3	3,4,5	490-612	1	490;491;493;506;507;510	5	95.0	94.3	1.678	7.0	0.069	4.1	0.05	True	True	True	True	0.2	0
cbEGF3-5	FBN1_cbEGF3-5_Ca3	3,4,5	490-612	2	572;573;575;589;590;593	5	96.4	94.3	1.963	7.0	0.076	3.9	0.18	True	True	True	True	0.2	1
cbEGF31-33	FBN1_cbEGF31-33_Ca3	31,32,33	2013-2205	0	2127;2128;2130;2144;2145;2148	5	95.5	91.0	1.851	7.0	0.034	1.8	0.1	True	True	True	True	0.2	3
cbEGF31-33	FBN1_cbEGF31-33_Ca3	31,32,33	2013-2205	1	2166;2167;2169;2183;2184;2187	5	93.5	91.0	1.92	7.0	0.052	2.7	0.12	True	True	True	True	0.2	0
cbEGF31-33	FBN1_cbEGF31-33_Ca3	31,32,33	2013-2205	2	2013;2014;2016;2031;2032;2035	5	93.4	91.0	1.787	7.0	0.016	0.9	0.07	True	True	True	True	0.2	0
cbEGF33-35	FBN1_cbEGF33-35_Ca3	33,34,35	2166-2290	0	2247;2248;2250;2267;2268;2271	5	97.0	92.7	1.912	7.0	0.124	6.5	0.12	True	True	True	True	0.2	0
cbEGF33-35	FBN1_cbEGF33-35_Ca3	33,34,35	2166-2290	1	2206;2207;2209;2223;2224;2227	5	97.5	92.7	1.809	7.0	0.048	2.7	0.09	True	True	True	True	0.2	0
cbEGF33-35	FBN1_cbEGF33-35_Ca3	33,34,35	2166-2290	2	2166;2167;2169;2183;2184;2187	5	91.4	92.7	1.676	7.0	0.038	2.2	0.05	True	True	True	True	0.2	0
cbEGF35-37	FBN1_cbEGF35-37_Ca3	35,36,37	2247-2443	0	2402;2403;2405;2420;2421;2424	5	95.8	91.9	1.978	7.0	0.051	2.6	0.14	True	True	True	True	0.2	0
cbEGF35-37	FBN1_cbEGF35-37_Ca3	35,36,37	2247-2443	1	2291;2292;2294;2309;2310;2313	5	96.6	91.9	1.865	7.0	0.048	2.6	0.15	True	True	True	True	0.2	0
cbEGF35-37	FBN1_cbEGF35-37_Ca3	35,36,37	2247-2443	2	2247;2248;2250;2267;2268;2271	5	92.7	91.9	1.88	7.0	0.131	7.0	0.06	True	True	True	True	0.2	0
cbEGF37-39	FBN1_cbEGF37-39_Ca3	37,38,39	2402-2523	0	2444;2445;2447;2461;2462;2465	5	98.1	94.2	1.852	7.0	0.079	4.3	0.12	True	True	True	True	0.2	2
cbEGF37-39	FBN1_cbEGF37-39_Ca3	37,38,39	2402-2523	1	2485;2486;2488;2502;2503;2506	5	97.9	94.2	1.92	7.0	0.024	1.2	0.06	True	True	True	True	0.2	2
cbEGF37-39	FBN1_cbEGF37-39_Ca3	37,38,39	2402-2523	2	2402;2403;2405;2420;2421;2424	5	94.1	94.2	1.765	6.0	0.056	3.2	0.11	True	True	True	True	0.2	0
cbEGF39-41	FBN1_cbEGF39-41_Ca3	39,40,41	2485-2606	0	2567;2568;2570;2583;2584;2587	5	95.9	89.1	1.868	7.0	0.065	3.5	0.08	True	True	True	True	0.2	1
cbEGF39-41	FBN1_cbEGF39-41_Ca3	39,40,41	2485-2606	1	2524;2525;2527;2543;2544;2547	5	96.6	89.1	1.801	7.0	0.103	5.7	0.11	True	True	True	True	0.2	1
cbEGF39-41	FBN1_cbEGF39-41_Ca3	39,40,41	2485-2606	2	2485;2486;2488;2502;2503;2506	5	89.9	89.1	1.886	6.0	0.027	1.4	0.08	True	True	True	True	0.2	0
cbEGF41-43	FBN1_cbEGF41-43_Ca3	41,42,43	2567-2687	0	2607;2608;2610;2624;2625;2628	5	95.3	87.2	1.835	7.0	0.038	2.0	0.12	True	True	True	True	0.2	2
cbEGF41-43	FBN1_cbEGF41-43_Ca3	41,42,43	2567-2687	1	2648;2649;2651;2665;2666;2669	5	94.1	87.2	1.744	7.0	0.059	3.4	0.1	True	True	True	True	0.2	0
cbEGF41-43	FBN1_cbEGF41-43_Ca3	41,42,43	2567-2687	2	2567;2568;2570;2583;2584;2587	5	91.7	87.2	1.807	7.0	0.121	6.7	0.11	True	True	True	True	0.2	0
cbEGF5-7	FBN1_cbEGF5-7_Ca3	5,6,7	572-764	0	613;614;616;630;631;634	5	97.0	90.9	1.878	7.0	0.087	4.6	0.11	True	True	True	True	0.2	2
cbEGF5-7	FBN1_cbEGF5-7_Ca3	5,6,7	572-764	1	572;573;575;589;590;593	5	92.1	90.9	2.013	6.0	0.325	16.2	0.11	False	True	True	False	-0.077	0
cbEGF5-7	FBN1_cbEGF5-7_Ca3	5,6,7	572-764	2	723;724;726;741;742;745	5	97.5	90.9	1.936	7.0	0.074	3.8	0.1	True	True	True	True	0.2	4
cbEGF7-9	FBN1_cbEGF7-9_Ca3	7,8,9	723-846	0	807;808;810;823;824;827	5	98.1	95.9	1.85	7.0	0.016	0.9	0.11	True	True	True	True	0.2	0
cbEGF7-9	FBN1_cbEGF7-9_Ca3	7,8,9	723-846	1	765;766;768;783;784;787	5	97.9	95.9	1.816	7.0	0.047	2.6	0.09	True	True	True	True	0.2	0
cbEGF7-9	FBN1_cbEGF7-9_Ca3	7,8,9	723-846	2	723;724;726;741;742;745	5	94.8	95.9	1.781	7.0	0.047	2.7	0.07	True	True	True	True	0.2	0
cbEGF9-11	FBN1_cbEGF9-11_Ca3	9,10,11	807-1069	0	1028;1029;1031;1046;1047;1050	5	95.7	90.0	1.79	7.0	0.007	0.4	0.14	True	True	True	True	0.2	2
cbEGF9-11	FBN1_cbEGF9-11_Ca3	9,10,11	807-1069	1	910;911;913;928;929;932	5	96.8	90.0	1.596	7.0	0.026	1.6	0.09	True	True	True	True	0.2	1
cbEGF9-11	FBN1_cbEGF9-11_Ca3	9,10,11	807-1069	2	807;808;810;823;824;827	5	94.3	90.0	1.412	6.0	0.067	4.8	0.49	True	True	True	True	0.2	0
