job	variant	variation_id	klass	clinical	construct	uniprot_pos	wt_aa	mut_aa	site	is_cognate	cognate_by	wt_site_ok	is_wt_ligand_of_site	n_models_present	n_models	rmsd_ca_global_A	plddt_mut	plddt_wt	plddt_site_wt	bvs_wt	wt_seed_sd	wt_seed_sd_pct	cn_wt	ion_shift_wt_sd_A	status	bvs_mut	delta_bvs	delta_bvs_pct	z_vs_noise	cn_mut	ion_shift_A	local_rmsd_A	plddt_site_mut	jaccard_median	still_contacts
FBN1_cbEGF3-5_N548I_Ca3	N548I	16432	ca_ligand_pathogenic	pathogenic	FBN1_cbEGF3-5_Ca3	548	N	I	0	True	coordinates	True	True	5	5	1.059	94.2	94.3	97.2	1.825	0.038	2.1	7	0.1	present	1.223	-0.602	-33.0	-10.17	6	0.28	0.47	94.8	0.83	0
FBN1_cbEGF3-5_N548I_Ca3	N548I	16432	ca_ligand_pathogenic	pathogenic	FBN1_cbEGF3-5_Ca3	548	N	I	1	False		True	False	5	5	1.059	94.2	94.3	95.0	1.678	0.069	4.1	7	0.05	present	1.564	-0.114	-6.8	-1.66	6	0.08	0.14	93.5	1.0	
FBN1_cbEGF3-5_N548I_Ca3	N548I	16432	ca_ligand_pathogenic	pathogenic	FBN1_cbEGF3-5_Ca3	548	N	I	2	False		True	False	5	5	1.059	94.2	94.3	96.4	1.963	0.076	3.9	7	0.18	present	1.878	-0.085	-4.3	-1.11	7	0.29	0.63	96.7	1.0	
FBN1_cbEGF5-7_D723A_Ca3	D723A	16433	ca_ligand_pathogenic	pathogenic	FBN1_cbEGF5-7_Ca3	723	D	A	0	False		True	False	5	5	4.186	91.1	90.9	97.0	1.878	0.087	4.6	7	0.11	present	1.824	-0.054	-2.9	-0.62	7	0.09	0.22	97.5	1.0	
FBN1_cbEGF5-7_D723A_Ca3	D723A	16433	ca_ligand_pathogenic	pathogenic	FBN1_cbEGF5-7_Ca3	723	D	A	1	False		False	False	5	5	4.186	91.1	90.9	92.1	2.013	0.325	16.2	6	0.11	present	1.822	-0.191	-9.5	-0.59	6	0.09	0.17	92.0	1.0	
FBN1_cbEGF5-7_D723A_Ca3	D723A	16433	ca_ligand_pathogenic	pathogenic	FBN1_cbEGF5-7_Ca3	723	D	A	2	True	coordinates	True	True	5	5	4.186	91.1	90.9	97.5	1.936	0.074	3.8	7	0.1	present	1.952	0.016	0.8	0.21	5	0.3	0.24	96.9	0.83	0
FBN1_cbEGF37-39_E2447K_Ca3	E2447K	16437	ca_ligand_pathogenic	pathogenic	FBN1_cbEGF37-39_Ca3	2447	E	K	0	True	coordinates	True	True	5	5	0.886	93.8	94.2	98.1	1.852	0.079	4.3	7	0.12	present	1.518	-0.334	-18.1	-4.25	6	0.26	0.26	96.1	0.83	0
FBN1_cbEGF37-39_E2447K_Ca3	E2447K	16437	ca_ligand_pathogenic	pathogenic	FBN1_cbEGF37-39_Ca3	2447	E	K	1	False		True	False	5	5	0.886	93.8	94.2	97.9	1.92	0.024	1.2	7	0.06	present	1.918	-0.002	-0.1	-0.03	7	0.06	0.15	97.7	1.0	
FBN1_cbEGF37-39_E2447K_Ca3	E2447K	16437	ca_ligand_pathogenic	pathogenic	FBN1_cbEGF37-39_Ca3	2447	E	K	2	False		True	False	5	5	0.886	93.8	94.2	94.1	1.765	0.056	3.2	6	0.11	present	1.773	0.008	0.5	0.14	7	0.09	0.18	94.3	1.0	
FBN1_cbEGF27-29_D1891H_Ca3	D1891H	36092	ca_ligand_pathogenic	pathogenic	FBN1_cbEGF27-29_Ca3	1891	D	H	0	False		True	False	5	5	0.906	95.1	95.1	97.8	1.853	0.028	1.5	7	0.07	present	1.82	-0.033	-1.8	-0.55	7	0.07	0.18	97.8	1.0	
FBN1_cbEGF27-29_D1891H_Ca3	D1891H	36092	ca_ligand_pathogenic	pathogenic	FBN1_cbEGF27-29_Ca3	1891	D	H	1	True	coordinates	True	True	5	5	0.906	95.1	95.1	97.7	1.74	0.025	1.4	7	0.1	present	1.541	-0.199	-11.4	-3.35	5	0.23	0.46	95.9	0.83	0
FBN1_cbEGF27-29_D1891H_Ca3	D1891H	36092	ca_ligand_pathogenic	pathogenic	FBN1_cbEGF27-29_Ca3	1891	D	H	2	False		True	False	5	5	0.906	95.1	95.1	92.4	1.626	0.137	8.4	6	0.06	present	1.611	-0.015	-0.9	-0.11	6	0.05	0.26	92.2	1.0	
FBN1_cbEGF13-15_D1197N_Ca3	D1197N	42339	ca_ligand_pathogenic	pathogenic	FBN1_cbEGF13-15_Ca3	1197	D	N	0	True	coordinates	True	True	5	5	0.794	95.7	95.9	98.3	1.741	0.02	1.2	7	0.07	present	1.821	0.079	4.6	1.34	7	0.16	0.26	97.9	1.0	5
FBN1_cbEGF13-15_D1197N_Ca3	D1197N	42339	ca_ligand_pathogenic	pathogenic	FBN1_cbEGF13-15_Ca3	1197	D	N	1	False		True	False	5	5	0.794	95.7	95.9	97.4	1.778	0.073	4.1	7	0.09	present	1.794	0.016	0.9	0.22	7	0.1	0.26	97.5	1.0	
FBN1_cbEGF13-15_D1197N_Ca3	D1197N	42339	ca_ligand_pathogenic	pathogenic	FBN1_cbEGF13-15_Ca3	1197	D	N	2	False		True	False	5	5	0.794	95.7	95.9	95.8	1.707	0.056	3.3	6	0.07	present	1.743	0.035	2.1	0.59	7	0.08	0.19	96.2	1.0	
FBN1_cbEGF23-25_D1648N_Ca3	D1648N	42375	ca_ligand_pathogenic	pathogenic	FBN1_cbEGF23-25_Ca3	1648	D	N	0	False		True	False	5	5	1.444	93.9	94.0	97.9	1.876	0.015	0.8	7	0.04	present	1.934	0.057	3.0	0.97	7	0.07	0.22	98.0	1.0	
FBN1_cbEGF23-25_D1648N_Ca3	D1648N	42375	ca_ligand_pathogenic	pathogenic	FBN1_cbEGF23-25_Ca3	1648	D	N	1	True	coordinates	True	True	5	5	1.444	93.9	94.0	97.6	1.809	0.022	1.2	7	0.09	present	1.787	-0.022	-1.2	-0.37	6	0.07	0.21	97.0	1.0	5
FBN1_cbEGF23-25_D1648N_Ca3	D1648N	42375	ca_ligand_pathogenic	pathogenic	FBN1_cbEGF23-25_Ca3	1648	D	N	2	False		True	False	5	5	1.444	93.9	94.0	94.4	1.676	0.186	11.1	6	0.07	present	1.82	0.144	8.6	0.78	7	0.09	0.21	94.7	1.0	
FBN1_cbEGF27-29_N1907D_Ca3	N1907D	42387	ca_ligand_pathogenic	pathogenic	FBN1_cbEGF27-29_Ca3	1907	N	D	0	False		True	False	5	5	0.829	95.2	95.1	97.8	1.853	0.028	1.5	7	0.07	present	1.845	-0.008	-0.4	-0.13	7	0.14	0.25	97.8	1.0	
FBN1_cbEGF27-29_N1907D_Ca3	N1907D	42387	ca_ligand_pathogenic	pathogenic	FBN1_cbEGF27-29_Ca3	1907	N	D	1	True	coordinates	True	True	5	5	0.829	95.2	95.1	97.7	1.74	0.025	1.4	7	0.1	present	1.712	-0.027	-1.6	-0.46	7	0.25	0.28	97.6	1.0	5
FBN1_cbEGF27-29_N1907D_Ca3	N1907D	42387	ca_ligand_pathogenic	pathogenic	FBN1_cbEGF27-29_Ca3	1907	N	D	2	False		True	False	5	5	0.829	95.2	95.1	92.4	1.626	0.137	8.4	6	0.06	present	1.63	0.005	0.3	0.03	6	0.05	0.23	92.4	1.0	
FBN1_cbEGF25-27_E1811K_Ca3	E1811K	200063	ca_ligand_pathogenic	pathogenic	FBN1_cbEGF25-27_Ca3	1811	E	K	0	True	coordinates	True	True	5	5	0.958	95.5	95.5	97.9	1.868	0.029	1.6	7	0.08	present	1.549	-0.318	-17.0	-5.38	6	0.2	0.26	96.3	0.83	0
FBN1_cbEGF25-27_E1811K_Ca3	E1811K	200063	ca_ligand_pathogenic	pathogenic	FBN1_cbEGF25-27_Ca3	1811	E	K	1	False		True	False	5	5	0.958	95.5	95.5	96.4	1.94	0.071	3.6	7	0.1	present	1.903	-0.037	-1.9	-0.52	7	0.14	0.24	96.4	1.0	
FBN1_cbEGF25-27_E1811K_Ca3	E1811K	200063	ca_ligand_pathogenic	pathogenic	FBN1_cbEGF25-27_Ca3	1811	E	K	2	False		True	False	5	5	0.958	95.5	95.5	95.3	1.702	0.066	3.9	6	0.06	present	1.787	0.085	5.0	1.29	6	0.06	0.17	95.0	1.0	
FBN1_cbEGF19-21_D1446N_Ca3	D1446N	200042	ca_ligand_pathogenic	pathogenic	FBN1_cbEGF19-21_Ca3	1446	D	N	0	True	coordinates	True	True	5	5	1.076	95.1	95.3	97.1	1.766	0.114	6.5	7	0.08	present	1.68	-0.086	-4.9	-0.75	6	0.17	0.27	96.4	1.0	5
FBN1_cbEGF19-21_D1446N_Ca3	D1446N	200042	ca_ligand_pathogenic	pathogenic	FBN1_cbEGF19-21_Ca3	1446	D	N	1	False		True	False	5	5	1.076	95.1	95.3	97.1	1.949	0.068	3.5	7	0.23	present	1.95	0.001	0.0	0.01	7	0.21	0.32	96.9	1.0	
FBN1_cbEGF19-21_D1446N_Ca3	D1446N	200042	ca_ligand_pathogenic	pathogenic	FBN1_cbEGF19-21_Ca3	1446	D	N	2	False		True	False	5	5	1.076	95.1	95.3	94.9	1.804	0.235	13.0	7	0.08	present	1.763	-0.041	-2.3	-0.18	7	0.06	0.16	95.2	1.0	
FBN1_cbEGF15-17_D1280N_Ca3	D1280N	200025	ca_ligand_pathogenic	pathogenic	FBN1_cbEGF15-17_Ca3	1280	D	N	0	False		True	False	5	5	0.758	95.3	94.6	96.7	1.754	0.03	1.7	7	0.1	present	1.735	-0.018	-1.0	-0.31	7	0.1	0.17	97.0	1.0	
FBN1_cbEGF15-17_D1280N_Ca3	D1280N	200025	ca_ligand_pathogenic	pathogenic	FBN1_cbEGF15-17_Ca3	1280	D	N	1	True	coordinates	True	True	5	5	0.758	95.3	94.6	97.5	1.789	0.029	1.6	7	0.17	present	1.791	0.002	0.1	0.04	6	0.12	0.29	97.4	1.0	5
FBN1_cbEGF15-17_D1280N_Ca3	D1280N	200025	ca_ligand_pathogenic	pathogenic	FBN1_cbEGF15-17_Ca3	1280	D	N	2	False		True	False	5	5	0.758	95.3	94.6	94.7	1.866	0.102	5.5	7	0.06	present	1.736	-0.13	-7.0	-1.28	7	0.09	0.15	95.0	1.0	
FBN1_cbEGF15-17_D1238N_Ca3	D1238N	200022	ca_ligand_pathogenic	pathogenic	FBN1_cbEGF15-17_Ca3	1238	D	N	0	True	coordinates	True	True	5	5	1.082	95.1	94.6	96.7	1.754	0.03	1.7	7	0.1	present	1.721	-0.033	-1.9	-0.56	6	0.2	0.25	96.3	1.0	5
FBN1_cbEGF15-17_D1238N_Ca3	D1238N	200022	ca_ligand_pathogenic	pathogenic	FBN1_cbEGF15-17_Ca3	1238	D	N	1	False		True	False	5	5	1.082	95.1	94.6	97.5	1.789	0.029	1.6	7	0.17	present	1.771	-0.018	-1.0	-0.31	7	0.2	0.3	97.8	1.0	
FBN1_cbEGF15-17_D1238N_Ca3	D1238N	200022	ca_ligand_pathogenic	pathogenic	FBN1_cbEGF15-17_Ca3	1238	D	N	2	False		True	False	5	5	1.082	95.1	94.6	94.7	1.866	0.102	5.5	7	0.06	present	1.781	-0.085	-4.6	-0.83	7	0.04	0.12	95.2	1.0	
FBN1_cbEGF13-15_D1155N_Ca3	D1155N	200017	ca_ligand_pathogenic	pathogenic	FBN1_cbEGF13-15_Ca3	1155	D	N	0	False		True	False	5	5	0.857	95.5	95.9	98.3	1.741	0.02	1.2	7	0.07	present	1.853	0.111	6.4	1.88	7	0.11	0.21	98.2	1.0	
FBN1_cbEGF13-15_D1155N_Ca3	D1155N	200017	ca_ligand_pathogenic	pathogenic	FBN1_cbEGF13-15_Ca3	1155	D	N	1	True	coordinates	True	True	5	5	0.857	95.5	95.9	97.4	1.778	0.073	4.1	7	0.09	present	1.776	-0.001	-0.1	-0.02	6	0.13	0.32	96.2	1.0	5
FBN1_cbEGF13-15_D1155N_Ca3	D1155N	200017	ca_ligand_pathogenic	pathogenic	FBN1_cbEGF13-15_Ca3	1155	D	N	2	False		True	False	5	5	0.857	95.5	95.9	95.8	1.707	0.056	3.3	6	0.07	present	1.782	0.075	4.4	1.27	7	0.07	0.17	96.0	1.0	
FBN1_cbEGF39-41_E2570K_Ca3	E2570K	263398	ca_ligand_pathogenic	pathogenic	FBN1_cbEGF39-41_Ca3	2570	E	K	0	True	coordinates	True	True	5	5	2.136	89.4	89.1	95.9	1.868	0.065	3.5	7	0.08	present	1.609	-0.258	-13.8	-3.96	6	0.15	0.42	93.9	0.83	0
FBN1_cbEGF39-41_E2570K_Ca3	E2570K	263398	ca_ligand_pathogenic	pathogenic	FBN1_cbEGF39-41_Ca3	2570	E	K	1	False		True	False	5	5	2.136	89.4	89.1	96.6	1.801	0.103	5.7	7	0.11	present	1.808	0.007	0.4	0.07	7	0.13	0.24	96.9	1.0	
FBN1_cbEGF39-41_E2570K_Ca3	E2570K	263398	ca_ligand_pathogenic	pathogenic	FBN1_cbEGF39-41_Ca3	2570	E	K	2	False		True	False	5	5	2.136	89.4	89.1	89.9	1.886	0.027	1.4	6	0.08	present	1.992	0.106	5.6	1.79	6	0.12	0.23	91.0	1.0	
FBN1_cbEGF31-33_N2144H_Ca3	N2144H	263837	ca_ligand_pathogenic	pathogenic	FBN1_cbEGF31-33_Ca3	2144	N	H	0	True	coordinates	True	True	5	5	2.144	88.8	91.0	95.5	1.851	0.034	1.8	7	0.1	present	1.148	-0.703	-38.0	-11.88	7	0.63	0.8	83.3	1.0	5
FBN1_cbEGF31-33_N2144H_Ca3	N2144H	263837	ca_ligand_pathogenic	pathogenic	FBN1_cbEGF31-33_Ca3	2144	N	H	1	False		True	False	5	5	2.144	88.8	91.0	93.5	1.92	0.052	2.7	7	0.12	present	1.925	0.005	0.2	0.08	7	0.13	0.4	94.0	1.0	
FBN1_cbEGF31-33_N2144H_Ca3	N2144H	263837	ca_ligand_pathogenic	pathogenic	FBN1_cbEGF31-33_Ca3	2144	N	H	2	False		True	False	5	5	2.144	88.8	91.0	93.4	1.787	0.016	0.9	7	0.07	present	1.728	-0.059	-3.3	-0.99	7	0.06	0.22	92.7	1.0	
FBN1_cbEGF27-29_E1894K_Ca3	E1894K	381610	ca_ligand_pathogenic	pathogenic	FBN1_cbEGF27-29_Ca3	1894	E	K	0	False		True	False	5	5	1.098	95.2	95.1	97.8	1.853	0.028	1.5	7	0.07	present	1.818	-0.035	-1.9	-0.59	7	0.09	0.34	97.9	1.0	
FBN1_cbEGF27-29_E1894K_Ca3	E1894K	381610	ca_ligand_pathogenic	pathogenic	FBN1_cbEGF27-29_Ca3	1894	E	K	1	True	coordinates	True	True	5	5	1.098	95.2	95.1	97.7	1.74	0.025	1.4	7	0.1	present	1.497	-0.243	-14.0	-4.1	6	0.19	0.37	96.5	0.83	0
FBN1_cbEGF27-29_E1894K_Ca3	E1894K	381610	ca_ligand_pathogenic	pathogenic	FBN1_cbEGF27-29_Ca3	1894	E	K	2	False		True	False	5	5	1.098	95.2	95.1	92.4	1.626	0.137	8.4	6	0.06	present	1.782	0.157	9.6	1.14	6	0.06	0.18	92.9	1.0	
FBN1_cbEGF37-39_D2485G_Ca3	D2485G	427047	ca_ligand_pathogenic	pathogenic	FBN1_cbEGF37-39_Ca3	2485	D	G	0	False		True	False	5	5	1.474	93.0	94.2	98.1	1.852	0.079	4.3	7	0.12	present	1.853	0.001	0.0	0.01	7	0.22	0.24	98.0	1.0	
FBN1_cbEGF37-39_D2485G_Ca3	D2485G	427047	ca_ligand_pathogenic	pathogenic	FBN1_cbEGF37-39_Ca3	2485	D	G	1	True	coordinates	True	True	5	5	1.474	93.0	94.2	97.9	1.92	0.024	1.2	7	0.06	present	1.811	-0.109	-5.7	-1.84	5	0.25	0.48	94.5	0.83	0
FBN1_cbEGF37-39_D2485G_Ca3	D2485G	427047	ca_ligand_pathogenic	pathogenic	FBN1_cbEGF37-39_Ca3	2485	D	G	2	False		True	False	5	5	1.474	93.0	94.2	94.1	1.765	0.056	3.2	6	0.11	present	1.735	-0.03	-1.7	-0.52	7	0.08	0.14	94.0	1.0	
FBN1_cbEGF9-11_D1028G_Ca3	D1028G	429319	ca_ligand_pathogenic	pathogenic	FBN1_cbEGF9-11_Ca3	1028	D	G	0	True	coordinates	True	True	5	5	1.636	89.8	90.0	95.7	1.79	0.007	0.4	7	0.14	present	1.788	-0.002	-0.1	-0.03	6	0.14	0.39	94.9	0.83	0
FBN1_cbEGF9-11_D1028G_Ca3	D1028G	429319	ca_ligand_pathogenic	pathogenic	FBN1_cbEGF9-11_Ca3	1028	D	G	1	False		True	False	5	5	1.636	89.8	90.0	96.8	1.596	0.026	1.6	7	0.09	present	1.747	0.15	9.4	2.54	7	0.1	0.15	96.6	1.0	
FBN1_cbEGF9-11_D1028G_Ca3	D1028G	429319	ca_ligand_pathogenic	pathogenic	FBN1_cbEGF9-11_Ca3	1028	D	G	2	False		True	False	5	5	1.636	89.8	90.0	94.3	1.412	0.067	4.8	6	0.49	present	1.488	0.076	5.4	1.14	7	0.47	0.1	93.8	1.0	
FBN1_cbEGF29-31_E1976A_Ca3	E1976A	519761	ca_ligand_pathogenic	pathogenic	FBN1_cbEGF29-31_Ca3	1976	E	A	0	False		True	False	5	5	0.871	92.7	92.6	97.2	1.749	0.047	2.7	7	0.11	present	1.849	0.1	5.7	1.68	7	0.11	0.24	97.4	1.0	
FBN1_cbEGF29-31_E1976A_Ca3	E1976A	519761	ca_ligand_pathogenic	pathogenic	FBN1_cbEGF29-31_Ca3	1976	E	A	1	False		True	False	5	5	0.871	92.7	92.6	92.4	1.674	0.074	4.4	6	0.15	present	1.783	0.109	6.5	1.48	6	0.2	0.84	92.6	1.0	
FBN1_cbEGF29-31_E1976A_Ca3	E1976A	519761	ca_ligand_pathogenic	pathogenic	FBN1_cbEGF29-31_Ca3	1976	E	A	2	True	coordinates	True	True	5	5	0.871	92.7	92.6	97.2	1.855	0.043	2.3	7	0.21	present	1.64	-0.215	-11.6	-3.63	6	0.16	0.22	97.3	0.83	0
FBN1_cbEGF27-29_D1930N_Ca3	D1930N	547333	ca_ligand_pathogenic	pathogenic	FBN1_cbEGF27-29_Ca3	1930	D	N	0	True	coordinates	True	True	5	5	0.694	95.4	95.1	97.8	1.853	0.028	1.5	7	0.07	present	1.838	-0.015	-0.8	-0.26	7	0.16	0.39	97.3	1.0	5
FBN1_cbEGF27-29_D1930N_Ca3	D1930N	547333	ca_ligand_pathogenic	pathogenic	FBN1_cbEGF27-29_Ca3	1930	D	N	1	False		True	False	5	5	0.694	95.4	95.1	97.7	1.74	0.025	1.4	7	0.1	present	1.69	-0.049	-2.8	-0.83	7	0.11	0.18	98.1	1.0	
FBN1_cbEGF27-29_D1930N_Ca3	D1930N	547333	ca_ligand_pathogenic	pathogenic	FBN1_cbEGF27-29_Ca3	1930	D	N	2	False		True	False	5	5	0.694	95.4	95.1	92.4	1.626	0.137	8.4	6	0.06	present	1.622	-0.004	-0.2	-0.03	6	0.06	0.25	92.6	1.0	
FBN1_cbEGF13-15_N1173T_Ca3	N1173T	547310	ca_ligand_pathogenic	pathogenic	FBN1_cbEGF13-15_Ca3	1173	N	T	0	False		True	False	5	5	0.861	95.5	95.9	98.3	1.741	0.02	1.2	7	0.07	present	1.881	0.139	8.0	2.36	7	0.06	0.24	98.3	1.0	
FBN1_cbEGF13-15_N1173T_Ca3	N1173T	547310	ca_ligand_pathogenic	pathogenic	FBN1_cbEGF13-15_Ca3	1173	N	T	1	True	coordinates	True	True	5	5	0.861	95.5	95.9	97.4	1.778	0.073	4.1	7	0.09	present	1.645	-0.133	-7.5	-1.81	8	0.18	0.29	96.2	1.0	5
FBN1_cbEGF13-15_N1173T_Ca3	N1173T	547310	ca_ligand_pathogenic	pathogenic	FBN1_cbEGF13-15_Ca3	1173	N	T	2	False		True	False	5	5	0.861	95.5	95.9	95.8	1.707	0.056	3.3	6	0.07	present	1.855	0.148	8.6	2.5	7	0.1	0.18	96.0	1.0	
FBN1_cbEGF41-43_N2624S_Ca3	N2624S	549437	ca_ligand_pathogenic	pathogenic	FBN1_cbEGF41-43_Ca3	2624	N	S	0	True	coordinates	True	True	5	5	2.583	86.7	87.2	95.3	1.835	0.038	2.0	7	0.12	present	1.567	-0.268	-14.6	-4.52	7	0.15	0.37	94.3	1.0	5
FBN1_cbEGF41-43_N2624S_Ca3	N2624S	549437	ca_ligand_pathogenic	pathogenic	FBN1_cbEGF41-43_Ca3	2624	N	S	1	False		True	False	5	5	2.583	86.7	87.2	94.1	1.744	0.059	3.4	7	0.1	present	1.856	0.112	6.4	1.89	7	0.08	0.28	94.2	1.0	
FBN1_cbEGF41-43_N2624S_Ca3	N2624S	549437	ca_ligand_pathogenic	pathogenic	FBN1_cbEGF41-43_Ca3	2624	N	S	2	False		True	False	5	5	2.583	86.7	87.2	91.7	1.807	0.121	6.7	7	0.11	present	1.768	-0.039	-2.2	-0.32	7	0.32	1.21	91.0	1.0	
FBN1_cbEGF21-23_E1490K_Ca3	E1490K	549235	ca_ligand_pathogenic	pathogenic	FBN1_cbEGF21-23_Ca3	1490	E	K	0	False		True	False	5	5	1.373	93.8	93.9	98.5	1.774	0.038	2.1	7	0.1	present	1.761	-0.013	-0.8	-0.23	7	0.07	0.11	98.5	1.0	
FBN1_cbEGF21-23_E1490K_Ca3	E1490K	549235	ca_ligand_pathogenic	pathogenic	FBN1_cbEGF21-23_Ca3	1490	E	K	1	True	coordinates	True	True	5	5	1.373	93.8	93.9	97.6	1.747	0.046	2.7	7	0.08	present	1.423	-0.325	-18.6	-5.49	6	0.2	0.31	95.4	0.83	0
FBN1_cbEGF21-23_E1490K_Ca3	E1490K	549235	ca_ligand_pathogenic	pathogenic	FBN1_cbEGF21-23_Ca3	1490	E	K	2	False		True	False	5	5	1.373	93.8	93.9	92.0	1.642	0.089	5.4	7	0.07	present	1.674	0.032	1.9	0.36	7	0.06	0.19	91.4	1.0	
FBN1_cbEGF21-23_D1487N_Ca3	D1487N	549232	ca_ligand_pathogenic	pathogenic	FBN1_cbEGF21-23_Ca3	1487	D	N	0	False		True	False	5	5	0.752	94.2	93.9	98.5	1.774	0.038	2.1	7	0.1	present	1.721	-0.053	-3.0	-0.89	7	0.09	0.13	98.5	1.0	
FBN1_cbEGF21-23_D1487N_Ca3	D1487N	549232	ca_ligand_pathogenic	pathogenic	FBN1_cbEGF21-23_Ca3	1487	D	N	1	True	coordinates	True	True	5	5	0.752	94.2	93.9	97.6	1.747	0.046	2.7	7	0.08	present	1.729	-0.018	-1.1	-0.31	6	0.09	0.25	97.2	1.0	5
FBN1_cbEGF21-23_D1487N_Ca3	D1487N	549232	ca_ligand_pathogenic	pathogenic	FBN1_cbEGF21-23_Ca3	1487	D	N	2	False		True	False	5	5	0.752	94.2	93.9	92.0	1.642	0.089	5.4	7	0.07	present	1.636	-0.006	-0.4	-0.07	7	0.06	0.16	91.8	1.0	
FBN1_cbEGF3-5_N589S_Ca3	N589S	549041	ca_ligand_pathogenic	pathogenic	FBN1_cbEGF3-5_Ca3	589	N	S	0	False		True	False	5	5	1.252	94.4	94.3	97.2	1.825	0.038	2.1	7	0.1	present	1.879	0.054	2.9	0.91	7	0.22	0.75	97.3	1.0	
FBN1_cbEGF3-5_N589S_Ca3	N589S	549041	ca_ligand_pathogenic	pathogenic	FBN1_cbEGF3-5_Ca3	589	N	S	1	False		True	False	5	5	1.252	94.4	94.3	95.0	1.678	0.069	4.1	7	0.05	present	1.761	0.083	4.9	1.21	6	0.1	0.14	95.0	1.0	
FBN1_cbEGF3-5_N589S_Ca3	N589S	549041	ca_ligand_pathogenic	pathogenic	FBN1_cbEGF3-5_Ca3	589	N	S	2	True	coordinates	True	True	5	5	1.252	94.4	94.3	96.4	1.963	0.076	3.9	7	0.18	present	1.625	-0.338	-17.2	-4.42	7	0.33	0.63	96.2	1.0	5
FBN1_cbEGF1-3_D490Y_Ca3	D490Y	549019	ca_ligand_pathogenic	pathogenic	FBN1_cbEGF1-3_Ca3	490	D	Y	0	False		True	False	5	5	24.31	74.4	74.2	94.7	1.514	0.121	8.0	7	0.19	present	1.6	0.086	5.7	0.71	7	0.24	0.16	93.8	1.0	
FBN1_cbEGF1-3_D490Y_Ca3	D490Y	549019	ca_ligand_pathogenic	pathogenic	FBN1_cbEGF1-3_Ca3	490	D	Y	1	False		False	False	5	5	24.31	74.4	74.2	89.7	1.559	0.611	39.2	7	0.61	present	1.475	-0.084	-5.4	-0.14	6	0.42	0.17	89.9	0.83	
FBN1_cbEGF1-3_D490Y_Ca3	D490Y	549019	ca_ligand_pathogenic	pathogenic	FBN1_cbEGF1-3_Ca3	490	D	Y	2	True	coordinates	False	True	4	5	24.31	74.4	74.2	89.9	2.194	0.18	8.2	7.0	0.58	present	2.37	0.176	8.0	0.98	5.0	0.79	0.43	73.9	0.83	1
FBN1_cbEGF41-43_D2607N_Ca3	D2607N	636638	ca_ligand_pathogenic	pathogenic	FBN1_cbEGF41-43_Ca3	2607	D	N	0	True	coordinates	True	True	5	5	1.87	86.6	87.2	95.3	1.835	0.038	2.0	7	0.12	present	1.813	-0.021	-1.2	-0.36	6	0.17	0.32	94.1	1.0	5
FBN1_cbEGF41-43_D2607N_Ca3	D2607N	636638	ca_ligand_pathogenic	pathogenic	FBN1_cbEGF41-43_Ca3	2607	D	N	1	False		True	False	5	5	1.87	86.6	87.2	94.1	1.744	0.059	3.4	7	0.1	present	1.756	0.012	0.7	0.2	7	0.14	0.27	94.1	1.0	
FBN1_cbEGF41-43_D2607N_Ca3	D2607N	636638	ca_ligand_pathogenic	pathogenic	FBN1_cbEGF41-43_Ca3	2607	D	N	2	False		True	False	5	5	1.87	86.6	87.2	91.7	1.807	0.121	6.7	7	0.11	present	1.937	0.131	7.2	1.08	7	0.2	1.06	90.6	1.0	
FBN1_cbEGF27-29_D1891N_Ca3	D1891N	1332764	ca_ligand_pathogenic	pathogenic	FBN1_cbEGF27-29_Ca3	1891	D	N	0	False		True	False	5	5	0.901	95.4	95.1	97.8	1.853	0.028	1.5	7	0.07	present	1.862	0.009	0.5	0.15	7	0.09	0.5	97.9	1.0	
FBN1_cbEGF27-29_D1891N_Ca3	D1891N	1332764	ca_ligand_pathogenic	pathogenic	FBN1_cbEGF27-29_Ca3	1891	D	N	1	True	coordinates	True	True	5	5	0.901	95.4	95.1	97.7	1.74	0.025	1.4	7	0.1	present	1.677	-0.063	-3.6	-1.06	6	0.15	0.29	97.4	1.0	5
FBN1_cbEGF27-29_D1891N_Ca3	D1891N	1332764	ca_ligand_pathogenic	pathogenic	FBN1_cbEGF27-29_Ca3	1891	D	N	2	False		True	False	5	5	0.901	95.4	95.1	92.4	1.626	0.137	8.4	6	0.06	present	1.658	0.032	2.0	0.23	6	0.06	0.18	93.0	1.0	
FBN1_cbEGF9-11_N1046S_Ca3	N1046S	1333372	ca_ligand_pathogenic	pathogenic	FBN1_cbEGF9-11_Ca3	1046	N	S	0	True	coordinates	True	True	5	5	1.71	89.7	90.0	95.7	1.79	0.007	0.4	7	0.14	present	1.476	-0.315	-17.6	-5.32	8	0.09	0.32	95.2	1.0	5
FBN1_cbEGF9-11_N1046S_Ca3	N1046S	1333372	ca_ligand_pathogenic	pathogenic	FBN1_cbEGF9-11_Ca3	1046	N	S	1	False		True	False	5	5	1.71	89.7	90.0	96.8	1.596	0.026	1.6	7	0.09	present	1.63	0.033	2.1	0.56	7	0.06	0.11	96.7	1.0	
FBN1_cbEGF9-11_N1046S_Ca3	N1046S	1333372	ca_ligand_pathogenic	pathogenic	FBN1_cbEGF9-11_Ca3	1046	N	S	2	False		True	False	5	5	1.71	89.7	90.0	94.3	1.412	0.067	4.8	6	0.49	present	1.419	0.007	0.5	0.1	6	0.47	0.06	93.6	1.0	
FBN1_cbEGF5-7_D723G_Ca3	D723G	1343365	ca_ligand_pathogenic	pathogenic	FBN1_cbEGF5-7_Ca3	723	D	G	0	False		True	False	5	5	3.824	91.3	90.9	97.0	1.878	0.087	4.6	7	0.11	present	1.841	-0.037	-2.0	-0.43	7	0.08	0.24	97.6	1.0	
FBN1_cbEGF5-7_D723G_Ca3	D723G	1343365	ca_ligand_pathogenic	pathogenic	FBN1_cbEGF5-7_Ca3	723	D	G	1	False		False	False	5	5	3.824	91.3	90.9	92.1	2.013	0.325	16.2	6	0.11	present	1.668	-0.346	-17.2	-1.06	7	0.09	0.2	92.2	1.0	
FBN1_cbEGF5-7_D723G_Ca3	D723G	1343365	ca_ligand_pathogenic	pathogenic	FBN1_cbEGF5-7_Ca3	723	D	G	2	True	coordinates	True	True	5	5	3.824	91.3	90.9	97.5	1.936	0.074	3.8	7	0.1	present	1.997	0.06	3.1	0.82	5	0.27	0.2	97.1	0.83	0
FBN1_cbEGF5-7_D613N_Ca3	D613N	1355106	ca_ligand_pathogenic	pathogenic	FBN1_cbEGF5-7_Ca3	613	D	N	0	True	coordinates	True	True	5	5	3.679	90.0	90.9	97.0	1.878	0.087	4.6	7	0.11	present	1.963	0.085	4.5	0.98	7	0.14	0.21	95.9	1.0	5
FBN1_cbEGF5-7_D613N_Ca3	D613N	1355106	ca_ligand_pathogenic	pathogenic	FBN1_cbEGF5-7_Ca3	613	D	N	1	False		False	False	5	5	3.679	90.0	90.9	92.1	2.013	0.325	16.2	6	0.11	present	1.737	-0.276	-13.7	-0.85	6	0.1	0.16	91.6	1.0	
FBN1_cbEGF5-7_D613N_Ca3	D613N	1355106	ca_ligand_pathogenic	pathogenic	FBN1_cbEGF5-7_Ca3	613	D	N	2	False		True	False	5	5	3.679	90.0	90.9	97.5	1.936	0.074	3.8	7	0.1	present	1.981	0.045	2.3	0.61	7	0.05	0.2	97.4	1.0	
FBN1_cbEGF27-29_D1930G_Ca3	D1930G	1723088	ca_ligand_pathogenic	pathogenic	FBN1_cbEGF27-29_Ca3	1930	D	G	0	True	coordinates	True	True	5	5	0.869	95.1	95.1	97.8	1.853	0.028	1.5	7	0.07	present	1.628	-0.225	-12.2	-3.81	5	0.26	0.35	96.8	0.83	0
FBN1_cbEGF27-29_D1930G_Ca3	D1930G	1723088	ca_ligand_pathogenic	pathogenic	FBN1_cbEGF27-29_Ca3	1930	D	G	1	False		True	False	5	5	0.869	95.1	95.1	97.7	1.74	0.025	1.4	7	0.1	present	1.739	-0.001	-0.0	-0.01	7	0.13	0.24	98.0	1.0	
FBN1_cbEGF27-29_D1930G_Ca3	D1930G	1723088	ca_ligand_pathogenic	pathogenic	FBN1_cbEGF27-29_Ca3	1930	D	G	2	False		True	False	5	5	0.869	95.1	95.1	92.4	1.626	0.137	8.4	6	0.06	present	1.672	0.046	2.8	0.33	6	0.04	0.15	92.8	1.0	
FBN1_cbEGF17-19_D1322N_Ca3	D1322N	2502068	ca_ligand_pathogenic	pathogenic	FBN1_cbEGF17-19_Ca3	1322	D	N	0	True	coordinates	True	True	5	5	0.835	95.7	95.7	98.2	1.736	0.034	2.0	7	0.16	present	1.723	-0.013	-0.7	-0.21	6	0.07	0.21	97.9	1.0	5
FBN1_cbEGF17-19_D1322N_Ca3	D1322N	2502068	ca_ligand_pathogenic	pathogenic	FBN1_cbEGF17-19_Ca3	1322	D	N	1	False		True	False	5	5	0.835	95.7	95.7	98.3	1.795	0.049	2.7	7	0.14	present	1.839	0.043	2.4	0.73	7	0.13	0.19	98.3	1.0	
FBN1_cbEGF17-19_D1322N_Ca3	D1322N	2502068	ca_ligand_pathogenic	pathogenic	FBN1_cbEGF17-19_Ca3	1322	D	N	2	False		True	False	5	5	0.835	95.7	95.7	94.8	1.618	0.148	9.2	6	0.49	present	1.684	0.066	4.1	0.44	6	0.13	0.26	94.6	1.0	
FBN1_cbEGF5-7_E726G_Ca3	E726G	2925570	ca_ligand_pathogenic	pathogenic	FBN1_cbEGF5-7_Ca3	726	E	G	0	False		True	False	5	5	4.597	90.6	90.9	97.0	1.878	0.087	4.6	7	0.11	present	1.883	0.005	0.3	0.06	7	0.05	0.22	97.5	1.0	
FBN1_cbEGF5-7_E726G_Ca3	E726G	2925570	ca_ligand_pathogenic	pathogenic	FBN1_cbEGF5-7_Ca3	726	E	G	1	False		False	False	5	5	4.597	90.6	90.9	92.1	2.013	0.325	16.2	6	0.11	present	1.895	-0.119	-5.9	-0.36	7	0.1	0.17	91.9	1.0	
FBN1_cbEGF5-7_E726G_Ca3	E726G	2925570	ca_ligand_pathogenic	pathogenic	FBN1_cbEGF5-7_Ca3	726	E	G	2	True	coordinates	True	True	5	5	4.597	90.6	90.9	97.5	1.936	0.074	3.8	7	0.1	present	1.685	-0.251	-13.0	-3.4	6	0.12	0.25	96.6	0.83	0
FBN1_cbEGF5-7_N741K_Ca3	N741K	2943749	ca_ligand_pathogenic	pathogenic	FBN1_cbEGF5-7_Ca3	741	N	K	0	False		True	False	5	5	7.78	91.2	90.9	97.0	1.878	0.087	4.6	7	0.11	present	1.874	-0.004	-0.2	-0.05	7	0.08	0.24	97.5	1.0	
FBN1_cbEGF5-7_N741K_Ca3	N741K	2943749	ca_ligand_pathogenic	pathogenic	FBN1_cbEGF5-7_Ca3	741	N	K	1	False		False	False	5	5	7.78	91.2	90.9	92.1	2.013	0.325	16.2	6	0.11	present	1.72	-0.293	-14.6	-0.9	6	0.11	0.18	92.0	1.0	
FBN1_cbEGF5-7_N741K_Ca3	N741K	2943749	ca_ligand_pathogenic	pathogenic	FBN1_cbEGF5-7_Ca3	741	N	K	2	True	coordinates	True	True	5	5	7.78	91.2	90.9	97.5	1.936	0.074	3.8	7	0.1	present	1.473	-0.463	-23.9	-6.26	6	0.08	0.28	95.2	0.83	0
FBN1_cbEGF1-3_T382S_Ca3	T382S	928435	negative_control	unlabelled	FBN1_cbEGF1-3_Ca3	382	T	S	0	True	nearest ion (24.1 A)	True	False	5	5	29.824	75.3	74.2	94.7	1.514	0.121	8.0	7	0.19	present	1.622	0.109	7.2	0.89	7	0.27	0.13	93.8	1.0	
FBN1_cbEGF1-3_T382S_Ca3	T382S	928435	negative_control	unlabelled	FBN1_cbEGF1-3_Ca3	382	T	S	1	False		False	False	5	5	29.824	75.3	74.2	89.7	1.559	0.611	39.2	7	0.61	present	1.62	0.062	4.0	0.1	6	0.51	0.15	90.1	1.0	
FBN1_cbEGF1-3_T382S_Ca3	T382S	928435	negative_control	unlabelled	FBN1_cbEGF1-3_Ca3	382	T	S	2	False		False	False	5	5	29.824	75.3	74.2	89.9	2.194	0.18	8.2	7.0	0.58	present	1.956	-0.238	-10.8	-1.32	7	0.21	0.2	87.9	1.0	
FBN1_cbEGF13-15_V1172M_Ca3	V1172M	42338	negative_control	unlabelled	FBN1_cbEGF13-15_Ca3	1172	V	M	0	False		True	False	5	5	0.732	95.7	95.9	98.3	1.741	0.02	1.2	7	0.07	present	1.808	0.067	3.8	1.13	7	0.08	0.18	98.2	1.0	
FBN1_cbEGF13-15_V1172M_Ca3	V1172M	42338	negative_control	unlabelled	FBN1_cbEGF13-15_Ca3	1172	V	M	1	True	nearest ion (9.2 A)	True	False	5	5	0.732	95.7	95.9	97.4	1.778	0.073	4.1	7	0.09	present	1.83	0.052	2.9	0.71	7	0.06	0.18	97.2	1.0	
FBN1_cbEGF13-15_V1172M_Ca3	V1172M	42338	negative_control	unlabelled	FBN1_cbEGF13-15_Ca3	1172	V	M	2	False		True	False	5	5	0.732	95.7	95.9	95.8	1.707	0.056	3.3	6	0.07	present	1.703	-0.004	-0.2	-0.07	7	0.06	0.18	96.1	1.0	
FBN1_cbEGF15-17_Q1253P_Ca3	Q1253P	1913257	negative_control	unlabelled	FBN1_cbEGF15-17_Ca3	1253	Q	P	0	True	nearest ion (14.5 A)	True	False	5	5	0.946	94.6	94.6	96.7	1.754	0.03	1.7	7	0.1	present	1.659	-0.095	-5.4	-1.6	7	0.11	0.26	96.4	1.0	
FBN1_cbEGF15-17_Q1253P_Ca3	Q1253P	1913257	negative_control	unlabelled	FBN1_cbEGF15-17_Ca3	1253	Q	P	1	False		True	False	5	5	0.946	94.6	94.6	97.5	1.789	0.029	1.6	7	0.17	present	1.751	-0.038	-2.1	-0.64	7	0.21	0.29	97.5	1.0	
FBN1_cbEGF15-17_Q1253P_Ca3	Q1253P	1913257	negative_control	unlabelled	FBN1_cbEGF15-17_Ca3	1253	Q	P	2	False		True	False	5	5	0.946	94.6	94.6	94.7	1.866	0.102	5.5	7	0.06	present	1.688	-0.178	-9.6	-1.75	7	0.08	0.15	94.8	1.0	
FBN1_cbEGF17-19_A1337P_Ca3	A1337P	549199	negative_control	unlabelled	FBN1_cbEGF17-19_Ca3	1337	A	P	0	False		True	False	5	5	1.059	91.7	95.7	98.2	1.736	0.034	2.0	7	0.16	present	1.816	0.08	4.6	1.35	7	0.11	0.26	95.5	1.0	
FBN1_cbEGF17-19_A1337P_Ca3	A1337P	549199	negative_control	unlabelled	FBN1_cbEGF17-19_Ca3	1337	A	P	1	True	nearest ion (15.4 A)	True	False	5	5	1.059	91.7	95.7	98.3	1.795	0.049	2.7	7	0.14	present	1.859	0.064	3.6	1.08	7	0.1	0.25	97.2	1.0	
FBN1_cbEGF17-19_A1337P_Ca3	A1337P	549199	negative_control	unlabelled	FBN1_cbEGF17-19_Ca3	1337	A	P	2	False		True	False	5	5	1.059	91.7	95.7	94.8	1.618	0.148	9.2	6	0.49	present	1.748	0.13	8.0	0.87	6	0.11	0.27	92.0	1.0	
FBN1_cbEGF19-21_G1418S_Ca3	G1418S	3754074	negative_control	unlabelled	FBN1_cbEGF19-21_Ca3	1418	G	S	0	True	nearest ion (14.2 A)	True	False	5	5	4.615	90.3	95.3	97.1	1.766	0.114	6.5	7	0.08	present	1.776	0.01	0.5	0.08	7	0.1	0.72	95.0	1.0	
FBN1_cbEGF19-21_G1418S_Ca3	G1418S	3754074	negative_control	unlabelled	FBN1_cbEGF19-21_Ca3	1418	G	S	1	False		True	False	5	5	4.615	90.3	95.3	97.1	1.949	0.068	3.5	7	0.23	present	1.923	-0.026	-1.3	-0.38	7	0.39	1.04	93.8	1.0	
FBN1_cbEGF19-21_G1418S_Ca3	G1418S	3754074	negative_control	unlabelled	FBN1_cbEGF19-21_Ca3	1418	G	S	2	False		True	False	5	5	4.615	90.3	95.3	94.9	1.804	0.235	13.0	7	0.08	present	1.76	-0.045	-2.5	-0.19	6	0.07	0.23	90.8	1.0	
FBN1_cbEGF21-23_L1536W_Ca3	L1536W	963073	negative_control	unlabelled	FBN1_cbEGF21-23_Ca3	1536	L	W	0	True	nearest ion (17.1 A)	True	False	5	5	1.123	94.2	93.9	98.5	1.774	0.038	2.1	7	0.1	present	1.79	0.016	0.9	0.27	7	0.08	0.19	98.6	1.0	
FBN1_cbEGF21-23_L1536W_Ca3	L1536W	963073	negative_control	unlabelled	FBN1_cbEGF21-23_Ca3	1536	L	W	1	False		True	False	5	5	1.123	94.2	93.9	97.6	1.747	0.046	2.7	7	0.08	present	1.75	0.003	0.2	0.04	7	0.06	0.31	97.6	1.0	
FBN1_cbEGF21-23_L1536W_Ca3	L1536W	963073	negative_control	unlabelled	FBN1_cbEGF21-23_Ca3	1536	L	W	2	False		True	False	5	5	1.123	94.2	93.9	92.0	1.642	0.089	5.4	7	0.07	present	1.657	0.015	0.9	0.17	6	0.08	0.2	92.1	1.0	
FBN1_cbEGF23-25_L1710S_Ca3	L1710S	2938113	negative_control	unlabelled	FBN1_cbEGF23-25_Ca3	1710	L	S	0	True	nearest ion (16.7 A)	True	False	5	5	1.293	93.5	94.0	97.9	1.876	0.015	0.8	7	0.04	present	1.912	0.035	1.9	0.59	7	0.06	0.23	97.9	1.0	
FBN1_cbEGF23-25_L1710S_Ca3	L1710S	2938113	negative_control	unlabelled	FBN1_cbEGF23-25_Ca3	1710	L	S	1	False		True	False	5	5	1.293	93.5	94.0	97.6	1.809	0.022	1.2	7	0.09	present	1.865	0.056	3.1	0.95	7	0.11	0.15	97.2	1.0	
FBN1_cbEGF23-25_L1710S_Ca3	L1710S	2938113	negative_control	unlabelled	FBN1_cbEGF23-25_Ca3	1710	L	S	2	False		True	False	5	5	1.293	93.5	94.0	94.4	1.676	0.186	11.1	6	0.07	present	1.778	0.101	6.0	0.55	6	0.09	0.21	94.4	1.0	
FBN1_cbEGF25-27_R1832S_Ca3	R1832S	633216	negative_control	unlabelled	FBN1_cbEGF25-27_Ca3	1832	R	S	0	True	nearest ion (9.5 A)	True	False	5	5	0.966	95.7	95.5	97.9	1.868	0.029	1.6	7	0.08	present	1.827	-0.041	-2.2	-0.69	7	0.07	0.23	98.0	1.0	
FBN1_cbEGF25-27_R1832S_Ca3	R1832S	633216	negative_control	unlabelled	FBN1_cbEGF25-27_Ca3	1832	R	S	1	False		True	False	5	5	0.966	95.7	95.5	96.4	1.94	0.071	3.6	7	0.1	present	1.943	0.003	0.2	0.04	7	0.11	0.19	96.4	1.0	
FBN1_cbEGF25-27_R1832S_Ca3	R1832S	633216	negative_control	unlabelled	FBN1_cbEGF25-27_Ca3	1832	R	S	2	False		True	False	5	5	0.966	95.7	95.5	95.3	1.702	0.066	3.9	6	0.06	present	1.843	0.141	8.3	2.15	7	0.04	0.18	95.2	1.0	
FBN1_cbEGF27-29_R1915L_Ca3	R1915L	4793301	negative_control	unlabelled	FBN1_cbEGF27-29_Ca3	1915	R	L	0	False		True	False	5	5	0.987	95.2	95.1	97.8	1.853	0.028	1.5	7	0.07	present	1.847	-0.006	-0.3	-0.11	7	0.17	0.67	97.6	1.0	
FBN1_cbEGF27-29_R1915L_Ca3	R1915L	4793301	negative_control	unlabelled	FBN1_cbEGF27-29_Ca3	1915	R	L	1	True	nearest ion (15.4 A)	True	False	5	5	0.987	95.2	95.1	97.7	1.74	0.025	1.4	7	0.1	present	1.736	-0.004	-0.2	-0.06	7	0.1	0.19	97.6	1.0	
FBN1_cbEGF27-29_R1915L_Ca3	R1915L	4793301	negative_control	unlabelled	FBN1_cbEGF27-29_Ca3	1915	R	L	2	False		True	False	5	5	0.987	95.2	95.1	92.4	1.626	0.137	8.4	6	0.06	present	1.63	0.004	0.3	0.03	6	0.04	0.18	92.5	1.0	
FBN1_cbEGF29-31_G1994V_Ca3	G1994V	1387480	negative_control	unlabelled	FBN1_cbEGF29-31_Ca3	1994	G	V	0	False		True	False	5	5	1.628	92.6	92.6	97.2	1.749	0.047	2.7	7	0.11	present	1.783	0.034	1.9	0.57	7	0.14	0.31	97.4	1.0	
FBN1_cbEGF29-31_G1994V_Ca3	G1994V	1387480	negative_control	unlabelled	FBN1_cbEGF29-31_Ca3	1994	G	V	1	False		True	False	5	5	1.628	92.6	92.6	92.4	1.674	0.074	4.4	6	0.15	present	1.617	-0.057	-3.4	-0.77	6	0.16	0.84	92.3	1.0	
FBN1_cbEGF29-31_G1994V_Ca3	G1994V	1387480	negative_control	unlabelled	FBN1_cbEGF29-31_Ca3	1994	G	V	2	True	nearest ion (4.7 A)	True	False	5	5	1.628	92.6	92.6	97.2	1.855	0.043	2.3	7	0.21	present	1.766	-0.089	-4.8	-1.5	7	0.62	0.7	96.2	1.0	
FBN1_cbEGF3-5_I547T_Ca3	I547T	573231	negative_control	unlabelled	FBN1_cbEGF3-5_Ca3	547	I	T	0	True	nearest ion (9.3 A)	True	False	5	5	0.949	94.4	94.3	97.2	1.825	0.038	2.1	7	0.1	present	1.85	0.025	1.3	0.42	7	0.11	0.41	97.0	1.0	
FBN1_cbEGF3-5_I547T_Ca3	I547T	573231	negative_control	unlabelled	FBN1_cbEGF3-5_Ca3	547	I	T	1	False		True	False	5	5	0.949	94.4	94.3	95.0	1.678	0.069	4.1	7	0.05	present	1.746	0.067	4.0	0.98	6	0.08	0.15	94.8	1.0	
FBN1_cbEGF3-5_I547T_Ca3	I547T	573231	negative_control	unlabelled	FBN1_cbEGF3-5_Ca3	547	I	T	2	False		True	False	5	5	0.949	94.4	94.3	96.4	1.963	0.076	3.9	7	0.18	present	1.897	-0.066	-3.3	-0.86	7	0.22	0.59	96.6	1.0	
FBN1_cbEGF31-33_I2110T_Ca3	I2110T	3772348	negative_control	unlabelled	FBN1_cbEGF31-33_Ca3	2110	I	T	0	True	nearest ion (17.5 A)	True	False	5	5	1.44	91.2	91.0	95.5	1.851	0.034	1.8	7	0.1	present	1.789	-0.062	-3.4	-1.05	7	0.12	0.29	95.4	1.0	
FBN1_cbEGF31-33_I2110T_Ca3	I2110T	3772348	negative_control	unlabelled	FBN1_cbEGF31-33_Ca3	2110	I	T	1	False		True	False	5	5	1.44	91.2	91.0	93.5	1.92	0.052	2.7	7	0.12	present	1.905	-0.016	-0.8	-0.26	7	0.17	0.32	93.5	1.0	
FBN1_cbEGF31-33_I2110T_Ca3	I2110T	3772348	negative_control	unlabelled	FBN1_cbEGF31-33_Ca3	2110	I	T	2	False		True	False	5	5	1.44	91.2	91.0	93.4	1.787	0.016	0.9	7	0.07	present	1.706	-0.08	-4.5	-1.36	7	0.25	0.45	94.0	1.0	
FBN1_cbEGF37-39_S2469L_Ca3	S2469L	1172202	negative_control	unlabelled	FBN1_cbEGF37-39_Ca3	2469	S	L	0	True	nearest ion (14.6 A)	True	False	5	5	0.838	93.9	94.2	98.1	1.852	0.079	4.3	7	0.12	present	1.838	-0.014	-0.8	-0.18	7	0.21	0.24	98.1	1.0	
FBN1_cbEGF37-39_S2469L_Ca3	S2469L	1172202	negative_control	unlabelled	FBN1_cbEGF37-39_Ca3	2469	S	L	1	False		True	False	5	5	0.838	93.9	94.2	97.9	1.92	0.024	1.2	7	0.06	present	1.919	-0.0	-0.0	-0.01	7	0.05	0.2	97.7	1.0	
FBN1_cbEGF37-39_S2469L_Ca3	S2469L	1172202	negative_control	unlabelled	FBN1_cbEGF37-39_Ca3	2469	S	L	2	False		True	False	5	5	0.838	93.9	94.2	94.1	1.765	0.056	3.2	6	0.11	present	1.705	-0.061	-3.4	-1.02	6	0.06	0.15	94.4	1.0	
FBN1_cbEGF39-41_T2549P_Ca3	T2549P	3600258	negative_control	unlabelled	FBN1_cbEGF39-41_Ca3	2549	T	P	0	False		True	False	5	5	2.071	88.4	89.1	95.9	1.868	0.065	3.5	7	0.08	present	1.889	0.021	1.1	0.33	7	0.16	0.44	95.6	1.0	
FBN1_cbEGF39-41_T2549P_Ca3	T2549P	3600258	negative_control	unlabelled	FBN1_cbEGF39-41_Ca3	2549	T	P	1	True	nearest ion (9.5 A)	True	False	5	5	2.071	88.4	89.1	96.6	1.801	0.103	5.7	7	0.11	present	1.636	-0.165	-9.2	-1.6	7	0.22	0.46	95.9	1.0	
FBN1_cbEGF39-41_T2549P_Ca3	T2549P	3600258	negative_control	unlabelled	FBN1_cbEGF39-41_Ca3	2549	T	P	2	False		True	False	5	5	2.071	88.4	89.1	89.9	1.886	0.027	1.4	6	0.08	present	1.925	0.039	2.1	0.67	6	0.07	0.21	90.2	1.0	
FBN1_cbEGF1-3_N261S_Ca3	N261S	519802	composition_control	unlabelled	FBN1_cbEGF1-3_Ca3	261	N	S	0	False		True	False	5	5	24.861	73.4	74.2	94.7	1.514	0.121	8.0	7	0.19	present	2.073	0.56	37.0	4.61	6	0.27	1.58	89.0	0.83	
FBN1_cbEGF1-3_N261S_Ca3	N261S	519802	composition_control	unlabelled	FBN1_cbEGF1-3_Ca3	261	N	S	1	True	nearest ion (15.1 A)	False	False	5	5	24.861	73.4	74.2	89.7	1.559	0.611	39.2	7	0.61	present	5.253	3.694	237.0	6.05	6	1.32	0.31	89.9	0.83	
FBN1_cbEGF1-3_N261S_Ca3	N261S	519802	composition_control	unlabelled	FBN1_cbEGF1-3_Ca3	261	N	S	2	False		False	False	5	5	24.861	73.4	74.2	89.9	2.194	0.18	8.2	7.0	0.58	present	2.079	-0.115	-5.2	-0.64	7	0.48	0.22	86.6	1.0	
FBN1_cbEGF1-3_E487A_Ca3	E487A	629467	composition_control	vus	FBN1_cbEGF1-3_Ca3	487	E	A	0	False		True	False	5	5	15.141	75.2	74.2	94.7	1.514	0.121	8.0	7	0.19	present	1.893	0.379	25.0	3.12	7	0.4	0.2	94.5	1.0	
FBN1_cbEGF1-3_E487A_Ca3	E487A	629467	composition_control	vus	FBN1_cbEGF1-3_Ca3	487	E	A	1	False		False	False	5	5	15.141	75.2	74.2	89.7	1.559	0.611	39.2	7	0.61	present	1.919	0.36	23.1	0.59	5	0.76	0.13	90.3	0.83	
FBN1_cbEGF1-3_E487A_Ca3	E487A	629467	composition_control	vus	FBN1_cbEGF1-3_Ca3	487	E	A	2	True	nearest ion (15.4 A)	False	False	5	5	15.141	75.2	74.2	89.9	2.194	0.18	8.2	7.0	0.58	present	2.271	0.077	3.5	0.43	7	0.43	0.23	87.6	1.0	
FBN1_cbEGF15-17_D1250Y_Ca3	D1250Y	549184	composition_control	unlabelled	FBN1_cbEGF15-17_Ca3	1250	D	Y	0	False		True	False	5	5	1.053	94.5	94.6	96.7	1.754	0.03	1.7	7	0.1	present	1.713	-0.041	-2.3	-0.69	7	0.1	0.3	96.5	1.0	
FBN1_cbEGF15-17_D1250Y_Ca3	D1250Y	549184	composition_control	unlabelled	FBN1_cbEGF15-17_Ca3	1250	D	Y	1	True	nearest ion (13.2 A)	True	False	5	5	1.053	94.5	94.6	97.5	1.789	0.029	1.6	7	0.17	present	1.75	-0.039	-2.2	-0.66	7	0.25	0.46	97.4	1.0	
FBN1_cbEGF15-17_D1250Y_Ca3	D1250Y	549184	composition_control	unlabelled	FBN1_cbEGF15-17_Ca3	1250	D	Y	2	False		True	False	5	5	1.053	94.5	94.6	94.7	1.866	0.102	5.5	7	0.06	present	1.678	-0.188	-10.1	-1.85	6	0.06	0.13	94.7	1.0	
FBN1_cbEGF17-19_E1366Q_Ca3	E1366Q	263872	composition_control	unlabelled	FBN1_cbEGF17-19_Ca3	1366	E	Q	0	False		True	False	5	5	0.969	95.1	95.7	98.2	1.736	0.034	2.0	7	0.16	present	1.761	0.025	1.4	0.42	7	0.14	0.18	98.1	1.0	
FBN1_cbEGF17-19_E1366Q_Ca3	E1366Q	263872	composition_control	unlabelled	FBN1_cbEGF17-19_Ca3	1366	E	Q	1	True	coordinates	True	True	5	5	0.969	95.1	95.7	98.3	1.795	0.049	2.7	7	0.14	present	1.765	-0.031	-1.7	-0.52	7	0.15	0.22	98.2	1.0	5
FBN1_cbEGF17-19_E1366Q_Ca3	E1366Q	263872	composition_control	unlabelled	FBN1_cbEGF17-19_Ca3	1366	E	Q	2	False		True	False	5	5	0.969	95.1	95.7	94.8	1.618	0.148	9.2	6	0.49	present	1.619	0.001	0.1	0.01	6	0.28	0.67	93.6	1.0	
FBN1_cbEGF21-23_D1512V_Ca3	D1512V	4757782	composition_control	unlabelled	FBN1_cbEGF21-23_Ca3	1512	D	V	0	False		True	False	5	5	0.871	94.1	93.9	98.5	1.774	0.038	2.1	7	0.1	present	1.719	-0.055	-3.1	-0.92	7	0.04	0.12	98.5	1.0	
FBN1_cbEGF21-23_D1512V_Ca3	D1512V	4757782	composition_control	unlabelled	FBN1_cbEGF21-23_Ca3	1512	D	V	1	True	nearest ion (14.7 A)	True	False	5	5	0.871	94.1	93.9	97.6	1.747	0.046	2.7	7	0.08	present	1.712	-0.036	-2.0	-0.6	7	0.13	0.26	97.6	1.0	
FBN1_cbEGF21-23_D1512V_Ca3	D1512V	4757782	composition_control	unlabelled	FBN1_cbEGF21-23_Ca3	1512	D	V	2	False		True	False	5	5	0.871	94.1	93.9	92.0	1.642	0.089	5.4	7	0.07	present	1.633	-0.009	-0.6	-0.1	6	0.08	0.19	91.8	1.0	
FBN1_cbEGF23-25_E1653K_Ca3	E1653K	4756831	composition_control	unlabelled	FBN1_cbEGF23-25_Ca3	1653	E	K	0	False		True	False	5	5	0.917	93.6	94.0	97.9	1.876	0.015	0.8	7	0.04	present	1.885	0.009	0.5	0.15	7	0.05	0.2	97.9	1.0	
FBN1_cbEGF23-25_E1653K_Ca3	E1653K	4756831	composition_control	unlabelled	FBN1_cbEGF23-25_Ca3	1653	E	K	1	True	nearest ion (9.7 A)	True	False	5	5	0.917	93.6	94.0	97.6	1.809	0.022	1.2	7	0.09	present	1.779	-0.03	-1.7	-0.51	7	0.07	0.13	97.5	1.0	
FBN1_cbEGF23-25_E1653K_Ca3	E1653K	4756831	composition_control	unlabelled	FBN1_cbEGF23-25_Ca3	1653	E	K	2	False		True	False	5	5	0.917	93.6	94.0	94.4	1.676	0.186	11.1	6	0.07	present	1.738	0.062	3.7	0.33	6	0.03	0.21	94.2	1.0	
FBN1_cbEGF25-27_N1858T_Ca3	N1858T	971295	composition_control	unlabelled	FBN1_cbEGF25-27_Ca3	1858	N	T	0	False		True	False	5	5	0.956	95.8	95.5	97.9	1.868	0.029	1.6	7	0.08	present	1.848	-0.02	-1.1	-0.33	7	0.09	0.21	98.1	1.0	
FBN1_cbEGF25-27_N1858T_Ca3	N1858T	971295	composition_control	unlabelled	FBN1_cbEGF25-27_Ca3	1858	N	T	1	True	nearest ion (16.3 A)	True	False	5	5	0.956	95.8	95.5	96.4	1.94	0.071	3.6	7	0.1	present	1.883	-0.057	-2.9	-0.81	7	0.1	0.25	96.5	1.0	
FBN1_cbEGF25-27_N1858T_Ca3	N1858T	971295	composition_control	unlabelled	FBN1_cbEGF25-27_Ca3	1858	N	T	2	False		True	False	5	5	0.956	95.8	95.5	95.3	1.702	0.066	3.9	6	0.06	present	1.772	0.07	4.1	1.06	6	0.03	0.15	95.0	1.0	
FBN1_cbEGF29-31_D1993N_Ca3	D1993N	579213	composition_control	vus	FBN1_cbEGF29-31_Ca3	1993	D	N	0	False		True	False	5	5	1.027	92.9	92.6	97.2	1.749	0.047	2.7	7	0.11	present	1.769	0.02	1.2	0.34	7	0.11	0.22	97.4	1.0	
FBN1_cbEGF29-31_D1993N_Ca3	D1993N	579213	composition_control	vus	FBN1_cbEGF29-31_Ca3	1993	D	N	1	False		True	False	5	5	1.027	92.9	92.6	92.4	1.674	0.074	4.4	6	0.15	present	1.691	0.017	1.0	0.24	6	0.13	0.92	93.3	1.0	
FBN1_cbEGF29-31_D1993N_Ca3	D1993N	579213	composition_control	vus	FBN1_cbEGF29-31_Ca3	1993	D	N	2	True	nearest ion (6.2 A)	True	False	5	5	1.027	92.9	92.6	97.2	1.855	0.043	2.3	7	0.21	present	1.889	0.034	1.9	0.58	7	0.26	0.27	97.4	1.0	
FBN1_cbEGF31-33_D2104G_Ca3	D2104G	3386774	composition_control	unlabelled	FBN1_cbEGF31-33_Ca3	2104	D	G	0	True	nearest ion (23.4 A)	True	False	5	5	1.136	90.6	91.0	95.5	1.851	0.034	1.8	7	0.1	present	1.852	0.001	0.0	0.01	7	0.1	0.2	95.4	1.0	
FBN1_cbEGF31-33_D2104G_Ca3	D2104G	3386774	composition_control	unlabelled	FBN1_cbEGF31-33_Ca3	2104	D	G	1	False		True	False	5	5	1.136	90.6	91.0	93.5	1.92	0.052	2.7	7	0.12	present	1.934	0.014	0.7	0.24	7	0.07	0.39	92.7	1.0	
FBN1_cbEGF31-33_D2104G_Ca3	D2104G	3386774	composition_control	unlabelled	FBN1_cbEGF31-33_Ca3	2104	D	G	2	False		True	False	5	5	1.136	90.6	91.0	93.4	1.787	0.016	0.9	7	0.07	present	1.775	-0.011	-0.6	-0.19	7	0.08	0.26	93.4	1.0	
FBN1_cbEGF37-39_D2487G_Ca3	D2487G	1759019	composition_control	pathogenic	FBN1_cbEGF37-39_Ca3	2487	D	G	0	False		True	False	5	5	0.906	94.2	94.2	98.1	1.852	0.079	4.3	7	0.12	present	1.8	-0.052	-2.8	-0.67	7	0.13	0.16	98.2	1.0	
FBN1_cbEGF37-39_D2487G_Ca3	D2487G	1759019	composition_control	pathogenic	FBN1_cbEGF37-39_Ca3	2487	D	G	1	True	nearest ion (5.5 A)	True	False	5	5	0.906	94.2	94.2	97.9	1.92	0.024	1.2	7	0.06	present	1.957	0.038	2.0	0.64	7	0.2	0.26	97.9	1.0	
FBN1_cbEGF37-39_D2487G_Ca3	D2487G	1759019	composition_control	pathogenic	FBN1_cbEGF37-39_Ca3	2487	D	G	2	False		True	False	5	5	0.906	94.2	94.2	94.1	1.765	0.056	3.2	6	0.11	present	1.749	-0.016	-0.9	-0.28	6	0.09	0.24	94.5	1.0	
FBN1_cbEGF5-7_E638K_Ca3	E638K	1332614	composition_control	vus	FBN1_cbEGF5-7_Ca3	638	E	K	0	True	nearest ion (14.3 A)	True	False	5	5	7.246	90.2	90.9	97.0	1.878	0.087	4.6	7	0.11	present	1.797	-0.081	-4.3	-0.93	7	0.1	0.23	97.0	1.0	
FBN1_cbEGF5-7_E638K_Ca3	E638K	1332614	composition_control	vus	FBN1_cbEGF5-7_Ca3	638	E	K	1	False		False	False	5	5	7.246	90.2	90.9	92.1	2.013	0.325	16.2	6	0.11	present	1.735	-0.278	-13.8	-0.86	7	0.13	0.17	91.9	1.0	
FBN1_cbEGF5-7_E638K_Ca3	E638K	1332614	composition_control	vus	FBN1_cbEGF5-7_Ca3	638	E	K	2	False		True	False	5	5	7.246	90.2	90.9	97.5	1.936	0.074	3.8	7	0.1	present	1.982	0.046	2.4	0.62	7	0.07	0.18	96.8	1.0	
FBN1_cbEGF9-11_N867K_Ca3	N867K	1171630	composition_control	unlabelled	FBN1_cbEGF9-11_Ca3	867	N	K	0	False		True	False	5	5	2.604	89.0	90.0	95.7	1.79	0.007	0.4	7	0.14	present	1.827	0.037	2.1	0.62	7	0.14	0.22	95.7	1.0	
FBN1_cbEGF9-11_N867K_Ca3	N867K	1171630	composition_control	unlabelled	FBN1_cbEGF9-11_Ca3	867	N	K	1	True	nearest ion (14.9 A)	True	False	5	5	2.604	89.0	90.0	96.8	1.596	0.026	1.6	7	0.09	present	1.6	0.003	0.2	0.06	7	0.09	0.21	95.4	1.0	
FBN1_cbEGF9-11_N867K_Ca3	N867K	1171630	composition_control	unlabelled	FBN1_cbEGF9-11_Ca3	867	N	K	2	False		True	False	5	5	2.604	89.0	90.0	94.3	1.412	0.067	4.8	6	0.49	present	1.436	0.025	1.7	0.37	6	0.49	0.12	93.9	1.0	
