construct	site	cbegf_domains	uniprot_pos	wt_aa	atom	atom_class	n_models	dist_median_A
FBN1_cbEGF1-3_Ca3	0	1,2,3	288	D	OD1	sidechain	5	2.78
FBN1_cbEGF1-3_Ca3	0	1,2,3	288	D	OD2	sidechain	5	2.71
FBN1_cbEGF1-3_Ca3	0	1,2,3	289	I	O	backbone	5	2.29
FBN1_cbEGF1-3_Ca3	0	1,2,3	291	E	OE2	sidechain	5	2.65
FBN1_cbEGF1-3_Ca3	0	1,2,3	306	N	OD1	sidechain	5	2.4
FBN1_cbEGF1-3_Ca3	0	1,2,3	307	T	O	backbone	5	2.5
FBN1_cbEGF1-3_Ca3	0	1,2,3	310	S	O	backbone	5	2.6
FBN1_cbEGF1-3_Ca3	1	1,2,3	246	D	OD2	sidechain	4	3.1
FBN1_cbEGF1-3_Ca3	1	1,2,3	247	V	O	backbone	5	2.4
FBN1_cbEGF1-3_Ca3	1	1,2,3	249	E	OE2	sidechain	5	2.41
FBN1_cbEGF1-3_Ca3	1	1,2,3	264	N	OD1	sidechain	5	2.42
FBN1_cbEGF1-3_Ca3	1	1,2,3	265	T	O	backbone	5	2.65
FBN1_cbEGF1-3_Ca3	1	1,2,3	268	S	O	backbone	5	2.73
FBN1_cbEGF1-3_Ca3	2	1,2,3	490	D	OD1	sidechain	3	2.88
FBN1_cbEGF1-3_Ca3	2	1,2,3	490	D	OD2	sidechain	3	2.76
FBN1_cbEGF1-3_Ca3	2	1,2,3	491	V	O	backbone	4	2.5
FBN1_cbEGF1-3_Ca3	2	1,2,3	493	E	OE2	sidechain	4	2.35
FBN1_cbEGF1-3_Ca3	2	1,2,3	506	N	OD1	sidechain	4	2.08
FBN1_cbEGF1-3_Ca3	2	1,2,3	507	N	O	backbone	3	2.4
FBN1_cbEGF1-3_Ca3	2	1,2,3	510	S	O	backbone	4	2.46
FBN1_cbEGF3-5_Ca3	0	3,4,5	530	D	OD1	sidechain	5	2.51
FBN1_cbEGF3-5_Ca3	0	3,4,5	530	D	OD2	sidechain	5	2.87
FBN1_cbEGF3-5_Ca3	0	3,4,5	531	I	O	backbone	5	2.3
FBN1_cbEGF3-5_Ca3	0	3,4,5	533	E	OE1	sidechain	4	2.49
FBN1_cbEGF3-5_Ca3	0	3,4,5	548	N	OD1	sidechain	5	2.28
FBN1_cbEGF3-5_Ca3	0	3,4,5	549	T	O	backbone	5	2.51
FBN1_cbEGF3-5_Ca3	0	3,4,5	552	S	O	backbone	5	2.56
FBN1_cbEGF3-5_Ca3	1	3,4,5	490	D	OD1	sidechain	4	2.81
FBN1_cbEGF3-5_Ca3	1	3,4,5	490	D	OD2	sidechain	4	2.84
FBN1_cbEGF3-5_Ca3	1	3,4,5	491	V	O	backbone	5	2.38
FBN1_cbEGF3-5_Ca3	1	3,4,5	493	E	OE1	sidechain	4	2.43
FBN1_cbEGF3-5_Ca3	1	3,4,5	506	N	OD1	sidechain	5	2.32
FBN1_cbEGF3-5_Ca3	1	3,4,5	507	N	O	backbone	5	2.46
FBN1_cbEGF3-5_Ca3	1	3,4,5	510	S	O	backbone	5	2.52
FBN1_cbEGF3-5_Ca3	2	3,4,5	572	D	OD1	sidechain	5	2.52
FBN1_cbEGF3-5_Ca3	2	3,4,5	572	D	OD2	sidechain	5	2.78
FBN1_cbEGF3-5_Ca3	2	3,4,5	573	M	O	backbone	5	2.35
FBN1_cbEGF3-5_Ca3	2	3,4,5	575	E	OE1	sidechain	4	2.43
FBN1_cbEGF3-5_Ca3	2	3,4,5	589	N	OD1	sidechain	5	2.29
FBN1_cbEGF3-5_Ca3	2	3,4,5	590	E	O	backbone	5	2.44
FBN1_cbEGF3-5_Ca3	2	3,4,5	593	S	O	backbone	5	2.47
FBN1_cbEGF5-7_Ca3	0	5,6,7	613	D	OD1	sidechain	5	2.56
FBN1_cbEGF5-7_Ca3	0	5,6,7	613	D	OD2	sidechain	5	2.72
FBN1_cbEGF5-7_Ca3	0	5,6,7	614	I	O	backbone	5	2.29
FBN1_cbEGF5-7_Ca3	0	5,6,7	630	N	OD1	sidechain	5	2.35
FBN1_cbEGF5-7_Ca3	0	5,6,7	631	T	O	backbone	5	2.51
FBN1_cbEGF5-7_Ca3	0	5,6,7	634	S	O	backbone	5	2.53
FBN1_cbEGF5-7_Ca3	1	5,6,7	572	D	OD2	sidechain	5	2.35
FBN1_cbEGF5-7_Ca3	1	5,6,7	573	M	O	backbone	5	2.31
FBN1_cbEGF5-7_Ca3	1	5,6,7	575	E	OE2	sidechain	4	2.34
FBN1_cbEGF5-7_Ca3	1	5,6,7	589	N	OD1	sidechain	5	2.35
FBN1_cbEGF5-7_Ca3	1	5,6,7	590	E	O	backbone	5	2.55
FBN1_cbEGF5-7_Ca3	1	5,6,7	593	S	O	backbone	5	2.55
FBN1_cbEGF5-7_Ca3	2	5,6,7	723	D	OD1	sidechain	5	2.65
FBN1_cbEGF5-7_Ca3	2	5,6,7	723	D	OD2	sidechain	5	2.93
FBN1_cbEGF5-7_Ca3	2	5,6,7	724	I	O	backbone	5	2.35
FBN1_cbEGF5-7_Ca3	2	5,6,7	741	N	OD1	sidechain	5	2.28
FBN1_cbEGF5-7_Ca3	2	5,6,7	742	L	O	backbone	5	2.38
FBN1_cbEGF5-7_Ca3	2	5,6,7	745	T	O	backbone	5	2.46
FBN1_cbEGF7-9_Ca3	0	7,8,9	807	D	OD1	sidechain	5	2.62
FBN1_cbEGF7-9_Ca3	0	7,8,9	807	D	OD2	sidechain	5	2.7
FBN1_cbEGF7-9_Ca3	0	7,8,9	808	I	O	backbone	5	2.34
FBN1_cbEGF7-9_Ca3	0	7,8,9	810	E	OE2	sidechain	4	2.43
FBN1_cbEGF7-9_Ca3	0	7,8,9	823	N	OD1	sidechain	5	2.28
FBN1_cbEGF7-9_Ca3	0	7,8,9	824	S	O	backbone	5	2.5
FBN1_cbEGF7-9_Ca3	0	7,8,9	827	S	O	backbone	5	2.54
FBN1_cbEGF7-9_Ca3	1	7,8,9	765	D	OD1	sidechain	5	2.63
FBN1_cbEGF7-9_Ca3	1	7,8,9	765	D	OD2	sidechain	5	2.84
FBN1_cbEGF7-9_Ca3	1	7,8,9	766	I	O	backbone	5	2.28
FBN1_cbEGF7-9_Ca3	1	7,8,9	783	N	OD1	sidechain	5	2.28
FBN1_cbEGF7-9_Ca3	1	7,8,9	784	T	O	backbone	5	2.51
FBN1_cbEGF7-9_Ca3	1	7,8,9	787	S	O	backbone	5	2.53
FBN1_cbEGF7-9_Ca3	2	7,8,9	723	D	OD1	sidechain	5	2.79
FBN1_cbEGF7-9_Ca3	2	7,8,9	724	I	O	backbone	5	2.28
FBN1_cbEGF7-9_Ca3	2	7,8,9	726	E	OE2	sidechain	5	2.38
FBN1_cbEGF7-9_Ca3	2	7,8,9	741	N	OD1	sidechain	5	2.32
FBN1_cbEGF7-9_Ca3	2	7,8,9	742	L	O	backbone	5	2.52
FBN1_cbEGF7-9_Ca3	2	7,8,9	745	T	O	backbone	5	2.47
FBN1_cbEGF9-11_Ca3	0	9,10,11	1028	D	OD1	sidechain	5	2.75
FBN1_cbEGF9-11_Ca3	0	9,10,11	1028	D	OD2	sidechain	4	3.14
FBN1_cbEGF9-11_Ca3	0	9,10,11	1029	I	O	backbone	5	2.36
FBN1_cbEGF9-11_Ca3	0	9,10,11	1031	E	OE2	sidechain	5	2.43
FBN1_cbEGF9-11_Ca3	0	9,10,11	1046	N	OD1	sidechain	5	2.3
FBN1_cbEGF9-11_Ca3	0	9,10,11	1047	T	O	backbone	5	2.53
FBN1_cbEGF9-11_Ca3	0	9,10,11	1050	S	O	backbone	5	2.37
FBN1_cbEGF9-11_Ca3	1	9,10,11	910	D	OD1	sidechain	5	2.75
FBN1_cbEGF9-11_Ca3	1	9,10,11	910	D	OD2	sidechain	5	2.9
FBN1_cbEGF9-11_Ca3	1	9,10,11	911	I	O	backbone	5	2.32
FBN1_cbEGF9-11_Ca3	1	9,10,11	913	E	OE2	sidechain	5	2.54
FBN1_cbEGF9-11_Ca3	1	9,10,11	928	N	OD1	sidechain	5	2.3
FBN1_cbEGF9-11_Ca3	1	9,10,11	929	T	O	backbone	5	2.58
FBN1_cbEGF9-11_Ca3	1	9,10,11	932	S	O	backbone	5	2.55
FBN1_cbEGF9-11_Ca3	2	9,10,11	808	I	O	backbone	5	2.46
FBN1_cbEGF9-11_Ca3	2	9,10,11	810	E	OE2	sidechain	5	2.46
FBN1_cbEGF9-11_Ca3	2	9,10,11	823	N	OD1	sidechain	5	2.35
FBN1_cbEGF9-11_Ca3	2	9,10,11	824	S	O	backbone	5	2.5
FBN1_cbEGF9-11_Ca3	2	9,10,11	827	S	O	backbone	5	2.55
FBN1_cbEGF11-13_Ca3	0	11,12,13	1113	D	OD1	sidechain	5	2.61
FBN1_cbEGF11-13_Ca3	0	11,12,13	1113	D	OD2	sidechain	5	2.82
FBN1_cbEGF11-13_Ca3	0	11,12,13	1114	I	O	backbone	5	2.31
FBN1_cbEGF11-13_Ca3	0	11,12,13	1116	E	OE2	sidechain	4	2.49
FBN1_cbEGF11-13_Ca3	0	11,12,13	1131	N	OD1	sidechain	5	2.29
FBN1_cbEGF11-13_Ca3	0	11,12,13	1132	T	O	backbone	5	2.46
FBN1_cbEGF11-13_Ca3	0	11,12,13	1135	S	O	backbone	5	2.44
FBN1_cbEGF11-13_Ca3	1	11,12,13	1070	D	OD1	sidechain	5	2.53
FBN1_cbEGF11-13_Ca3	1	11,12,13	1070	D	OD2	sidechain	5	2.85
FBN1_cbEGF11-13_Ca3	1	11,12,13	1071	I	O	backbone	5	2.32
FBN1_cbEGF11-13_Ca3	1	11,12,13	1073	E	OE2	sidechain	4	2.49
FBN1_cbEGF11-13_Ca3	1	11,12,13	1088	N	OD1	sidechain	5	2.31
FBN1_cbEGF11-13_Ca3	1	11,12,13	1089	T	O	backbone	5	2.53
FBN1_cbEGF11-13_Ca3	1	11,12,13	1092	D	O	backbone	5	2.52
FBN1_cbEGF11-13_Ca3	2	11,12,13	1028	D	OD1	sidechain	5	2.7
FBN1_cbEGF11-13_Ca3	2	11,12,13	1029	I	O	backbone	5	2.38
FBN1_cbEGF11-13_Ca3	2	11,12,13	1031	E	OE1	sidechain	4	2.77
FBN1_cbEGF11-13_Ca3	2	11,12,13	1031	E	OE2	sidechain	4	2.43
FBN1_cbEGF11-13_Ca3	2	11,12,13	1046	N	OD1	sidechain	5	2.31
FBN1_cbEGF11-13_Ca3	2	11,12,13	1047	T	O	backbone	5	2.53
FBN1_cbEGF11-13_Ca3	2	11,12,13	1050	S	O	backbone	5	2.51
FBN1_cbEGF13-15_Ca3	0	13,14,15	1197	D	OD1	sidechain	5	2.57
FBN1_cbEGF13-15_Ca3	0	13,14,15	1197	D	OD2	sidechain	5	2.85
FBN1_cbEGF13-15_Ca3	0	13,14,15	1198	I	O	backbone	5	2.37
FBN1_cbEGF13-15_Ca3	0	13,14,15	1200	E	OE1	sidechain	4	2.51
FBN1_cbEGF13-15_Ca3	0	13,14,15	1214	N	OD1	sidechain	5	2.3
FBN1_cbEGF13-15_Ca3	0	13,14,15	1215	S	O	backbone	5	2.53
FBN1_cbEGF13-15_Ca3	0	13,14,15	1218	S	O	backbone	5	2.48
FBN1_cbEGF13-15_Ca3	1	13,14,15	1155	D	OD1	sidechain	5	2.58
FBN1_cbEGF13-15_Ca3	1	13,14,15	1155	D	OD2	sidechain	5	2.81
FBN1_cbEGF13-15_Ca3	1	13,14,15	1156	I	O	backbone	5	2.32
FBN1_cbEGF13-15_Ca3	1	13,14,15	1158	E	OE1	sidechain	4	2.45
FBN1_cbEGF13-15_Ca3	1	13,14,15	1173	N	OD1	sidechain	5	2.31
FBN1_cbEGF13-15_Ca3	1	13,14,15	1174	L	O	backbone	5	2.5
FBN1_cbEGF13-15_Ca3	1	13,14,15	1177	K	O	backbone	5	2.6
FBN1_cbEGF13-15_Ca3	2	13,14,15	1113	D	OD1	sidechain	4	2.55
FBN1_cbEGF13-15_Ca3	2	13,14,15	1114	I	O	backbone	5	2.46
FBN1_cbEGF13-15_Ca3	2	13,14,15	1131	N	OD1	sidechain	5	2.29
FBN1_cbEGF13-15_Ca3	2	13,14,15	1132	T	O	backbone	5	2.52
FBN1_cbEGF13-15_Ca3	2	13,14,15	1135	S	O	backbone	5	2.5
FBN1_cbEGF15-17_Ca3	0	15,16,17	1238	D	OD1	sidechain	5	2.6
FBN1_cbEGF15-17_Ca3	0	15,16,17	1238	D	OD2	sidechain	5	2.85
FBN1_cbEGF15-17_Ca3	0	15,16,17	1239	I	O	backbone	5	2.32
FBN1_cbEGF15-17_Ca3	0	15,16,17	1256	N	OD1	sidechain	5	2.31
FBN1_cbEGF15-17_Ca3	0	15,16,17	1257	I	O	backbone	5	2.56
FBN1_cbEGF15-17_Ca3	0	15,16,17	1260	E	O	backbone	5	2.49
FBN1_cbEGF15-17_Ca3	1	15,16,17	1280	D	OD1	sidechain	5	2.66
FBN1_cbEGF15-17_Ca3	1	15,16,17	1280	D	OD2	sidechain	5	2.86
FBN1_cbEGF15-17_Ca3	1	15,16,17	1281	V	O	backbone	5	2.32
FBN1_cbEGF15-17_Ca3	1	15,16,17	1298	N	OD1	sidechain	5	2.32
FBN1_cbEGF15-17_Ca3	1	15,16,17	1299	T	O	backbone	5	2.5
FBN1_cbEGF15-17_Ca3	1	15,16,17	1302	S	O	backbone	5	2.46
FBN1_cbEGF15-17_Ca3	2	15,16,17	1197	D	OD2	sidechain	5	2.82
FBN1_cbEGF15-17_Ca3	2	15,16,17	1198	I	O	backbone	5	2.36
FBN1_cbEGF15-17_Ca3	2	15,16,17	1214	N	OD1	sidechain	5	2.33
FBN1_cbEGF15-17_Ca3	2	15,16,17	1215	S	O	backbone	5	2.59
FBN1_cbEGF15-17_Ca3	2	15,16,17	1218	S	O	backbone	5	2.44
FBN1_cbEGF17-19_Ca3	0	17,18,19	1322	D	OD1	sidechain	5	2.58
FBN1_cbEGF17-19_Ca3	0	17,18,19	1322	D	OD2	sidechain	5	2.78
FBN1_cbEGF17-19_Ca3	0	17,18,19	1323	I	O	backbone	5	2.35
FBN1_cbEGF17-19_Ca3	0	17,18,19	1341	N	OD1	sidechain	5	2.32
FBN1_cbEGF17-19_Ca3	0	17,18,19	1342	T	O	backbone	5	2.57
FBN1_cbEGF17-19_Ca3	0	17,18,19	1345	S	O	backbone	5	2.47
FBN1_cbEGF17-19_Ca3	1	17,18,19	1363	D	OD1	sidechain	5	2.6
FBN1_cbEGF17-19_Ca3	1	17,18,19	1363	D	OD2	sidechain	5	2.95
FBN1_cbEGF17-19_Ca3	1	17,18,19	1364	L	O	backbone	5	2.29
FBN1_cbEGF17-19_Ca3	1	17,18,19	1382	N	OD1	sidechain	5	2.28
FBN1_cbEGF17-19_Ca3	1	17,18,19	1383	T	O	backbone	5	2.54
FBN1_cbEGF17-19_Ca3	1	17,18,19	1386	S	O	backbone	5	2.45
FBN1_cbEGF17-19_Ca3	2	17,18,19	1281	V	O	backbone	5	2.32
FBN1_cbEGF17-19_Ca3	2	17,18,19	1298	N	OD1	sidechain	5	2.34
FBN1_cbEGF17-19_Ca3	2	17,18,19	1299	T	O	backbone	5	2.52
FBN1_cbEGF17-19_Ca3	2	17,18,19	1302	S	O	backbone	5	2.49
FBN1_cbEGF19-21_Ca3	0	19,20,21	1446	D	OD1	sidechain	5	2.66
FBN1_cbEGF19-21_Ca3	0	19,20,21	1446	D	OD2	sidechain	5	2.62
FBN1_cbEGF19-21_Ca3	0	19,20,21	1447	I	O	backbone	5	2.36
FBN1_cbEGF19-21_Ca3	0	19,20,21	1463	N	OD1	sidechain	5	2.32
FBN1_cbEGF19-21_Ca3	0	19,20,21	1464	L	O	backbone	5	2.5
FBN1_cbEGF19-21_Ca3	0	19,20,21	1467	L	O	backbone	5	2.59
FBN1_cbEGF19-21_Ca3	1	19,20,21	1404	D	OD1	sidechain	5	2.61
FBN1_cbEGF19-21_Ca3	1	19,20,21	1404	D	OD2	sidechain	5	2.66
FBN1_cbEGF19-21_Ca3	1	19,20,21	1405	L	O	backbone	5	2.25
FBN1_cbEGF19-21_Ca3	1	19,20,21	1422	N	OD1	sidechain	5	2.3
FBN1_cbEGF19-21_Ca3	1	19,20,21	1423	A	O	backbone	5	2.55
FBN1_cbEGF19-21_Ca3	1	19,20,21	1426	G	O	backbone	5	2.47
FBN1_cbEGF19-21_Ca3	2	19,20,21	1363	D	OD1	sidechain	4	3.04
FBN1_cbEGF19-21_Ca3	2	19,20,21	1363	D	OD2	sidechain	5	3.07
FBN1_cbEGF19-21_Ca3	2	19,20,21	1364	L	O	backbone	5	2.33
FBN1_cbEGF19-21_Ca3	2	19,20,21	1382	N	OD1	sidechain	5	2.28
FBN1_cbEGF19-21_Ca3	2	19,20,21	1383	T	O	backbone	5	2.62
FBN1_cbEGF19-21_Ca3	2	19,20,21	1386	S	O	backbone	5	2.4
FBN1_cbEGF21-23_Ca3	0	21,22,23	1606	D	OD1	sidechain	5	2.61
FBN1_cbEGF21-23_Ca3	0	21,22,23	1606	D	OD2	sidechain	5	2.85
FBN1_cbEGF21-23_Ca3	0	21,22,23	1607	I	O	backbone	5	2.32
FBN1_cbEGF21-23_Ca3	0	21,22,23	1624	N	OD1	sidechain	5	2.3
FBN1_cbEGF21-23_Ca3	0	21,22,23	1625	T	O	backbone	5	2.54
FBN1_cbEGF21-23_Ca3	0	21,22,23	1628	S	O	backbone	5	2.42
FBN1_cbEGF21-23_Ca3	1	21,22,23	1487	D	OD1	sidechain	5	2.6
FBN1_cbEGF21-23_Ca3	1	21,22,23	1487	D	OD2	sidechain	5	2.8
FBN1_cbEGF21-23_Ca3	1	21,22,23	1488	V	O	backbone	5	2.35
FBN1_cbEGF21-23_Ca3	1	21,22,23	1490	E	OE1	sidechain	4	2.5
FBN1_cbEGF21-23_Ca3	1	21,22,23	1504	N	OD1	sidechain	5	2.31
FBN1_cbEGF21-23_Ca3	1	21,22,23	1505	T	O	backbone	5	2.52
FBN1_cbEGF21-23_Ca3	1	21,22,23	1508	S	O	backbone	5	2.53
FBN1_cbEGF21-23_Ca3	2	21,22,23	1446	D	OD1	sidechain	4	2.78
FBN1_cbEGF21-23_Ca3	2	21,22,23	1447	I	O	backbone	5	2.35
FBN1_cbEGF21-23_Ca3	2	21,22,23	1463	N	OD1	sidechain	5	2.31
FBN1_cbEGF21-23_Ca3	2	21,22,23	1464	L	O	backbone	5	2.49
FBN1_cbEGF21-23_Ca3	2	21,22,23	1467	L	O	backbone	5	2.59
FBN1_cbEGF23-25_Ca3	0	23,24,25	1766	D	OD1	sidechain	5	2.63
FBN1_cbEGF23-25_Ca3	0	23,24,25	1766	D	OD2	sidechain	5	2.88
FBN1_cbEGF23-25_Ca3	0	23,24,25	1767	I	O	backbone	5	2.3
FBN1_cbEGF23-25_Ca3	0	23,24,25	1784	N	OD1	sidechain	5	2.31
FBN1_cbEGF23-25_Ca3	0	23,24,25	1785	M	O	backbone	5	2.47
FBN1_cbEGF23-25_Ca3	0	23,24,25	1788	S	O	backbone	5	2.37
FBN1_cbEGF23-25_Ca3	1	23,24,25	1648	D	OD1	sidechain	5	2.58
FBN1_cbEGF23-25_Ca3	1	23,24,25	1648	D	OD2	sidechain	5	2.8
FBN1_cbEGF23-25_Ca3	1	23,24,25	1649	V	O	backbone	5	2.32
FBN1_cbEGF23-25_Ca3	1	23,24,25	1665	N	OD1	sidechain	5	2.33
FBN1_cbEGF23-25_Ca3	1	23,24,25	1666	T	O	backbone	5	2.45
FBN1_cbEGF23-25_Ca3	1	23,24,25	1669	N	O	backbone	5	2.53
FBN1_cbEGF23-25_Ca3	2	23,24,25	1606	D	OD1	sidechain	4	2.93
FBN1_cbEGF23-25_Ca3	2	23,24,25	1607	I	O	backbone	5	2.38
FBN1_cbEGF23-25_Ca3	2	23,24,25	1609	E	OE2	sidechain	4	2.39
FBN1_cbEGF23-25_Ca3	2	23,24,25	1624	N	OD1	sidechain	5	2.31
FBN1_cbEGF23-25_Ca3	2	23,24,25	1625	T	O	backbone	5	2.54
FBN1_cbEGF23-25_Ca3	2	23,24,25	1628	S	O	backbone	5	2.46
FBN1_cbEGF25-27_Ca3	0	25,26,27	1808	D	OD1	sidechain	5	2.61
FBN1_cbEGF25-27_Ca3	0	25,26,27	1808	D	OD2	sidechain	5	2.68
FBN1_cbEGF25-27_Ca3	0	25,26,27	1809	I	O	backbone	5	2.3
FBN1_cbEGF25-27_Ca3	0	25,26,27	1811	E	OE1	sidechain	4	2.47
FBN1_cbEGF25-27_Ca3	0	25,26,27	1826	N	OD1	sidechain	5	2.29
FBN1_cbEGF25-27_Ca3	0	25,26,27	1827	T	O	backbone	5	2.51
FBN1_cbEGF25-27_Ca3	0	25,26,27	1830	S	O	backbone	5	2.52
FBN1_cbEGF25-27_Ca3	1	25,26,27	1849	D	OD1	sidechain	5	2.6
FBN1_cbEGF25-27_Ca3	1	25,26,27	1849	D	OD2	sidechain	5	2.92
FBN1_cbEGF25-27_Ca3	1	25,26,27	1850	R	O	backbone	5	2.26
FBN1_cbEGF25-27_Ca3	1	25,26,27	1852	E	OE1	sidechain	5	2.52
FBN1_cbEGF25-27_Ca3	1	25,26,27	1867	D	OD1	sidechain	5	2.26
FBN1_cbEGF25-27_Ca3	1	25,26,27	1868	T	O	backbone	5	2.43
FBN1_cbEGF25-27_Ca3	1	25,26,27	1871	S	O	backbone	5	2.47
FBN1_cbEGF25-27_Ca3	2	25,26,27	1766	D	OD1	sidechain	4	2.78
FBN1_cbEGF25-27_Ca3	2	25,26,27	1767	I	O	backbone	5	2.3
FBN1_cbEGF25-27_Ca3	2	25,26,27	1769	E	OE1	sidechain	4	2.36
FBN1_cbEGF25-27_Ca3	2	25,26,27	1784	N	OD1	sidechain	5	2.34
FBN1_cbEGF25-27_Ca3	2	25,26,27	1785	M	O	backbone	5	2.47
FBN1_cbEGF25-27_Ca3	2	25,26,27	1788	S	O	backbone	5	2.5
FBN1_cbEGF27-29_Ca3	0	27,28,29	1930	D	OD1	sidechain	5	2.6
FBN1_cbEGF27-29_Ca3	0	27,28,29	1930	D	OD2	sidechain	5	2.85
FBN1_cbEGF27-29_Ca3	0	27,28,29	1931	V	O	backbone	5	2.29
FBN1_cbEGF27-29_Ca3	0	27,28,29	1933	E	OE1	sidechain	5	2.48
FBN1_cbEGF27-29_Ca3	0	27,28,29	1949	N	OD1	sidechain	5	2.35
FBN1_cbEGF27-29_Ca3	0	27,28,29	1950	T	O	backbone	5	2.44
FBN1_cbEGF27-29_Ca3	0	27,28,29	1953	S	O	backbone	5	2.45
FBN1_cbEGF27-29_Ca3	1	27,28,29	1891	D	OD1	sidechain	5	2.6
FBN1_cbEGF27-29_Ca3	1	27,28,29	1891	D	OD2	sidechain	5	2.81
FBN1_cbEGF27-29_Ca3	1	27,28,29	1892	I	O	backbone	5	2.29
FBN1_cbEGF27-29_Ca3	1	27,28,29	1894	E	OE1	sidechain	5	2.54
FBN1_cbEGF27-29_Ca3	1	27,28,29	1907	N	OD1	sidechain	5	2.35
FBN1_cbEGF27-29_Ca3	1	27,28,29	1908	T	O	backbone	5	2.48
FBN1_cbEGF27-29_Ca3	1	27,28,29	1911	S	O	backbone	5	2.56
FBN1_cbEGF27-29_Ca3	2	27,28,29	1850	R	O	backbone	5	2.41
FBN1_cbEGF27-29_Ca3	2	27,28,29	1852	E	OE1	sidechain	4	2.47
FBN1_cbEGF27-29_Ca3	2	27,28,29	1867	D	OD1	sidechain	5	2.28
FBN1_cbEGF27-29_Ca3	2	27,28,29	1868	T	O	backbone	5	2.46
FBN1_cbEGF27-29_Ca3	2	27,28,29	1871	S	O	backbone	5	2.46
FBN1_cbEGF29-31_Ca3	0	29,30,31	2013	D	OD1	sidechain	5	2.62
FBN1_cbEGF29-31_Ca3	0	29,30,31	2013	D	OD2	sidechain	5	2.87
FBN1_cbEGF29-31_Ca3	0	29,30,31	2014	I	O	backbone	5	2.35
FBN1_cbEGF29-31_Ca3	0	29,30,31	2016	E	OE1	sidechain	5	2.53
FBN1_cbEGF29-31_Ca3	0	29,30,31	2031	N	OD1	sidechain	5	2.32
FBN1_cbEGF29-31_Ca3	0	29,30,31	2032	T	O	backbone	5	2.51
FBN1_cbEGF29-31_Ca3	0	29,30,31	2035	S	O	backbone	5	2.41
FBN1_cbEGF29-31_Ca3	1	29,30,31	1931	V	O	backbone	5	2.35
FBN1_cbEGF29-31_Ca3	1	29,30,31	1933	E	OE1	sidechain	5	2.39
FBN1_cbEGF29-31_Ca3	1	29,30,31	1949	N	OD1	sidechain	5	2.32
FBN1_cbEGF29-31_Ca3	1	29,30,31	1950	T	O	backbone	5	2.51
FBN1_cbEGF29-31_Ca3	1	29,30,31	1953	S	O	backbone	5	2.49
FBN1_cbEGF29-31_Ca3	2	29,30,31	1973	D	OD1	sidechain	5	2.52
FBN1_cbEGF29-31_Ca3	2	29,30,31	1973	D	OD2	sidechain	5	2.78
FBN1_cbEGF29-31_Ca3	2	29,30,31	1974	I	O	backbone	5	2.33
FBN1_cbEGF29-31_Ca3	2	29,30,31	1976	E	OE1	sidechain	5	2.46
FBN1_cbEGF29-31_Ca3	2	29,30,31	1991	N	OD1	sidechain	5	2.3
FBN1_cbEGF29-31_Ca3	2	29,30,31	1992	L	O	backbone	5	2.51
FBN1_cbEGF29-31_Ca3	2	29,30,31	1995	S	O	backbone	5	2.46
FBN1_cbEGF31-33_Ca3	0	31,32,33	2127	D	OD1	sidechain	5	2.59
FBN1_cbEGF31-33_Ca3	0	31,32,33	2127	D	OD2	sidechain	5	2.76
FBN1_cbEGF31-33_Ca3	0	31,32,33	2128	M	O	backbone	5	2.39
FBN1_cbEGF31-33_Ca3	0	31,32,33	2130	E	OE1	sidechain	5	2.48
FBN1_cbEGF31-33_Ca3	0	31,32,33	2144	N	OD1	sidechain	5	2.28
FBN1_cbEGF31-33_Ca3	0	31,32,33	2145	T	O	backbone	5	2.46
FBN1_cbEGF31-33_Ca3	0	31,32,33	2148	S	O	backbone	5	2.48
FBN1_cbEGF31-33_Ca3	1	31,32,33	2166	D	OD1	sidechain	5	2.63
FBN1_cbEGF31-33_Ca3	1	31,32,33	2166	D	OD2	sidechain	5	2.73
FBN1_cbEGF31-33_Ca3	1	31,32,33	2167	T	O	backbone	5	2.27
FBN1_cbEGF31-33_Ca3	1	31,32,33	2169	E	OE1	sidechain	4	2.45
FBN1_cbEGF31-33_Ca3	1	31,32,33	2183	N	OD1	sidechain	5	2.26
FBN1_cbEGF31-33_Ca3	1	31,32,33	2184	V	O	backbone	5	2.57
FBN1_cbEGF31-33_Ca3	1	31,32,33	2187	G	O	backbone	5	2.43
FBN1_cbEGF31-33_Ca3	2	31,32,33	2013	D	OD1	sidechain	5	2.8
FBN1_cbEGF31-33_Ca3	2	31,32,33	2013	D	OD2	sidechain	5	2.89
FBN1_cbEGF31-33_Ca3	2	31,32,33	2014	I	O	backbone	5	2.37
FBN1_cbEGF31-33_Ca3	2	31,32,33	2016	E	OE1	sidechain	5	2.43
FBN1_cbEGF31-33_Ca3	2	31,32,33	2031	N	OD1	sidechain	5	2.28
FBN1_cbEGF31-33_Ca3	2	31,32,33	2032	T	O	backbone	5	2.55
FBN1_cbEGF31-33_Ca3	2	31,32,33	2035	S	O	backbone	5	2.4
FBN1_cbEGF33-35_Ca3	0	33,34,35	2247	D	OD1	sidechain	5	2.57
FBN1_cbEGF33-35_Ca3	0	33,34,35	2247	D	OD2	sidechain	5	2.96
FBN1_cbEGF33-35_Ca3	0	33,34,35	2248	E	O	backbone	5	2.29
FBN1_cbEGF33-35_Ca3	0	33,34,35	2250	E	OE2	sidechain	4	2.36
FBN1_cbEGF33-35_Ca3	0	33,34,35	2267	N	OD1	sidechain	5	2.27
FBN1_cbEGF33-35_Ca3	0	33,34,35	2268	L	O	backbone	5	2.45
FBN1_cbEGF33-35_Ca3	0	33,34,35	2271	T	O	backbone	5	2.54
FBN1_cbEGF33-35_Ca3	1	33,34,35	2206	D	OD1	sidechain	5	2.58
FBN1_cbEGF33-35_Ca3	1	33,34,35	2206	D	OD2	sidechain	5	2.9
FBN1_cbEGF33-35_Ca3	1	33,34,35	2207	I	O	backbone	5	2.25
FBN1_cbEGF33-35_Ca3	1	33,34,35	2209	E	OE2	sidechain	4	2.45
FBN1_cbEGF33-35_Ca3	1	33,34,35	2223	N	OD1	sidechain	5	2.33
FBN1_cbEGF33-35_Ca3	1	33,34,35	2224	T	O	backbone	5	2.53
FBN1_cbEGF33-35_Ca3	1	33,34,35	2227	S	O	backbone	5	2.53
FBN1_cbEGF33-35_Ca3	2	33,34,35	2166	D	OD1	sidechain	5	2.89
FBN1_cbEGF33-35_Ca3	2	33,34,35	2166	D	OD2	sidechain	5	3.1
FBN1_cbEGF33-35_Ca3	2	33,34,35	2167	T	O	backbone	5	2.29
FBN1_cbEGF33-35_Ca3	2	33,34,35	2169	E	OE2	sidechain	5	2.44
FBN1_cbEGF33-35_Ca3	2	33,34,35	2183	N	OD1	sidechain	5	2.29
FBN1_cbEGF33-35_Ca3	2	33,34,35	2184	V	O	backbone	5	2.57
FBN1_cbEGF33-35_Ca3	2	33,34,35	2187	G	O	backbone	5	2.6
FBN1_cbEGF35-37_Ca3	0	35,36,37	2402	D	OD1	sidechain	5	2.61
FBN1_cbEGF35-37_Ca3	0	35,36,37	2402	D	OD2	sidechain	5	2.93
FBN1_cbEGF35-37_Ca3	0	35,36,37	2403	I	O	backbone	5	2.38
FBN1_cbEGF35-37_Ca3	0	35,36,37	2405	E	OE2	sidechain	5	2.39
FBN1_cbEGF35-37_Ca3	0	35,36,37	2420	N	OD1	sidechain	5	2.28
FBN1_cbEGF35-37_Ca3	0	35,36,37	2421	D	O	backbone	5	2.31
FBN1_cbEGF35-37_Ca3	0	35,36,37	2424	S	O	backbone	5	2.45
FBN1_cbEGF35-37_Ca3	1	35,36,37	2291	D	OD1	sidechain	5	2.59
FBN1_cbEGF35-37_Ca3	1	35,36,37	2291	D	OD2	sidechain	5	2.96
FBN1_cbEGF35-37_Ca3	1	35,36,37	2292	E	O	backbone	5	2.25
FBN1_cbEGF35-37_Ca3	1	35,36,37	2294	E	OE2	sidechain	4	2.49
FBN1_cbEGF35-37_Ca3	1	35,36,37	2309	N	OD1	sidechain	5	2.32
FBN1_cbEGF35-37_Ca3	1	35,36,37	2310	T	O	backbone	5	2.42
FBN1_cbEGF35-37_Ca3	1	35,36,37	2313	S	O	backbone	5	2.52
FBN1_cbEGF35-37_Ca3	2	35,36,37	2247	D	OD1	sidechain	5	3.06
FBN1_cbEGF35-37_Ca3	2	35,36,37	2248	E	O	backbone	5	2.29
FBN1_cbEGF35-37_Ca3	2	35,36,37	2250	E	OE2	sidechain	5	2.24
FBN1_cbEGF35-37_Ca3	2	35,36,37	2267	N	OD1	sidechain	5	2.29
FBN1_cbEGF35-37_Ca3	2	35,36,37	2268	L	O	backbone	5	2.5
FBN1_cbEGF35-37_Ca3	2	35,36,37	2271	T	O	backbone	5	2.55
FBN1_cbEGF37-39_Ca3	0	37,38,39	2444	D	OD1	sidechain	5	2.56
FBN1_cbEGF37-39_Ca3	0	37,38,39	2444	D	OD2	sidechain	5	2.87
FBN1_cbEGF37-39_Ca3	0	37,38,39	2445	L	O	backbone	5	2.29
FBN1_cbEGF37-39_Ca3	0	37,38,39	2447	E	OE2	sidechain	4	2.42
FBN1_cbEGF37-39_Ca3	0	37,38,39	2461	N	OD1	sidechain	5	2.3
FBN1_cbEGF37-39_Ca3	0	37,38,39	2462	T	O	backbone	5	2.53
FBN1_cbEGF37-39_Ca3	0	37,38,39	2465	S	O	backbone	5	2.49
FBN1_cbEGF37-39_Ca3	1	37,38,39	2485	D	OD1	sidechain	5	2.68
FBN1_cbEGF37-39_Ca3	1	37,38,39	2485	D	OD2	sidechain	5	2.78
FBN1_cbEGF37-39_Ca3	1	37,38,39	2486	L	O	backbone	5	2.28
FBN1_cbEGF37-39_Ca3	1	37,38,39	2488	E	OE2	sidechain	4	2.44
FBN1_cbEGF37-39_Ca3	1	37,38,39	2502	N	OD1	sidechain	5	2.27
FBN1_cbEGF37-39_Ca3	1	37,38,39	2503	T	O	backbone	5	2.45
FBN1_cbEGF37-39_Ca3	1	37,38,39	2506	G	O	backbone	5	2.46
FBN1_cbEGF37-39_Ca3	2	37,38,39	2402	D	OD1	sidechain	4	2.75
FBN1_cbEGF37-39_Ca3	2	37,38,39	2403	I	O	backbone	5	2.38
FBN1_cbEGF37-39_Ca3	2	37,38,39	2405	E	OE2	sidechain	4	2.32
FBN1_cbEGF37-39_Ca3	2	37,38,39	2420	N	OD1	sidechain	5	2.36
FBN1_cbEGF37-39_Ca3	2	37,38,39	2421	D	O	backbone	5	2.46
FBN1_cbEGF37-39_Ca3	2	37,38,39	2424	S	O	backbone	5	2.45
FBN1_cbEGF39-41_Ca3	0	39,40,41	2567	D	OD1	sidechain	5	2.65
FBN1_cbEGF39-41_Ca3	0	39,40,41	2567	D	OD2	sidechain	5	2.76
FBN1_cbEGF39-41_Ca3	0	39,40,41	2568	V	O	backbone	5	2.29
FBN1_cbEGF39-41_Ca3	0	39,40,41	2583	N	OD1	sidechain	5	2.26
FBN1_cbEGF39-41_Ca3	0	39,40,41	2584	I	O	backbone	5	2.5
FBN1_cbEGF39-41_Ca3	0	39,40,41	2587	G	O	backbone	5	2.48
FBN1_cbEGF39-41_Ca3	1	39,40,41	2524	D	OD1	sidechain	5	2.66
FBN1_cbEGF39-41_Ca3	1	39,40,41	2524	D	OD2	sidechain	5	2.74
FBN1_cbEGF39-41_Ca3	1	39,40,41	2525	N	O	backbone	5	2.25
FBN1_cbEGF39-41_Ca3	1	39,40,41	2527	E	OE1	sidechain	4	2.52
FBN1_cbEGF39-41_Ca3	1	39,40,41	2543	N	OD1	sidechain	5	2.31
FBN1_cbEGF39-41_Ca3	1	39,40,41	2544	T	O	backbone	5	2.52
FBN1_cbEGF39-41_Ca3	1	39,40,41	2547	S	O	backbone	5	2.6
FBN1_cbEGF39-41_Ca3	2	39,40,41	2485	D	OD2	sidechain	4	2.68
FBN1_cbEGF39-41_Ca3	2	39,40,41	2486	L	O	backbone	5	2.26
FBN1_cbEGF39-41_Ca3	2	39,40,41	2488	E	OE1	sidechain	4	2.38
FBN1_cbEGF39-41_Ca3	2	39,40,41	2502	N	OD1	sidechain	5	2.28
FBN1_cbEGF39-41_Ca3	2	39,40,41	2503	T	O	backbone	5	2.47
FBN1_cbEGF39-41_Ca3	2	39,40,41	2506	G	O	backbone	5	2.46
FBN1_cbEGF41-43_Ca3	0	41,42,43	2607	D	OD1	sidechain	5	2.61
FBN1_cbEGF41-43_Ca3	0	41,42,43	2607	D	OD2	sidechain	5	2.77
FBN1_cbEGF41-43_Ca3	0	41,42,43	2608	E	O	backbone	5	2.32
FBN1_cbEGF41-43_Ca3	0	41,42,43	2610	E	OE1	sidechain	4	2.41
FBN1_cbEGF41-43_Ca3	0	41,42,43	2624	N	OD1	sidechain	5	2.32
FBN1_cbEGF41-43_Ca3	0	41,42,43	2625	T	O	backbone	5	2.47
FBN1_cbEGF41-43_Ca3	0	41,42,43	2628	S	O	backbone	5	2.54
FBN1_cbEGF41-43_Ca3	1	41,42,43	2648	D	OD1	sidechain	5	2.64
FBN1_cbEGF41-43_Ca3	1	41,42,43	2648	D	OD2	sidechain	5	2.81
FBN1_cbEGF41-43_Ca3	1	41,42,43	2649	I	O	backbone	5	2.31
FBN1_cbEGF41-43_Ca3	1	41,42,43	2651	E	OE1	sidechain	5	2.55
FBN1_cbEGF41-43_Ca3	1	41,42,43	2665	N	OD1	sidechain	5	2.3
FBN1_cbEGF41-43_Ca3	1	41,42,43	2666	T	O	backbone	5	2.54
FBN1_cbEGF41-43_Ca3	1	41,42,43	2669	G	O	backbone	5	2.47
FBN1_cbEGF41-43_Ca3	2	41,42,43	2567	D	OD1	sidechain	4	2.63
FBN1_cbEGF41-43_Ca3	2	41,42,43	2567	D	OD2	sidechain	4	2.89
FBN1_cbEGF41-43_Ca3	2	41,42,43	2568	V	O	backbone	5	2.36
FBN1_cbEGF41-43_Ca3	2	41,42,43	2570	E	OE1	sidechain	5	2.44
FBN1_cbEGF41-43_Ca3	2	41,42,43	2583	N	OD1	sidechain	5	2.22
FBN1_cbEGF41-43_Ca3	2	41,42,43	2584	I	O	backbone	5	2.59
FBN1_cbEGF41-43_Ca3	2	41,42,43	2587	G	O	backbone	5	2.47
