structure	site_id	bvs_local	valence_cmm	cn_local	cn_cmm
AF3_cbEGF12-13_model0	B:1	1.8175	1.7000	7	7
AF3_cbEGF12-13_model0	C:1	1.8665	1.7000	6	6
AF3_cbEGF22-TB4-cbEGF23_model0	B:1	1.6924	1.5000	7	6
AF3_cbEGF22-TB4-cbEGF23_model0	C:1	1.6343	1.5000	7	7
AF3_cbEGF32-33_model0	B:1	1.9515	1.8000	7	7
AF3_cbEGF32-33_model0	C:1	1.5328	1.3000	7	5
AF3_cbEGF9-hyb2-cbEGF10_model0	B:1	1.9529	1.7000	7	6
AF3_cbEGF9-hyb2-cbEGF10_model0	C:1	1.7278	1.6000	7	6
EXP_1EMN_cbEGF32-33	A:2224	1.4139	1.3000	7	7
EXP_1EMN_cbEGF32-33	A:2225	1.4719	1.4000	7	7
EXP_1LMJ_cbEGF12-13	A:101	1.5390	1.4000	7	7
EXP_1LMJ_cbEGF12-13	A:102	1.5962	1.5000	7	7
EXP_1UZJ_cbEGF22-TB4-cbEGF23	A:1648	1.6397	1.5000	7	6
EXP_1UZJ_cbEGF22-TB4-cbEGF23	A:1649	1.9751	1.8000	7	6
EXP_2W86_cbEGF9-hyb2-cbEGF10	A:1148	1.4745	1.3000	7	6
EXP_2W86_cbEGF9-hyb2-cbEGF10	A:1149	1.5651	1.5000	6	6
