file	source	construct	reference_or_ref	site_id	metal	occupancy	ligands	coordination_number	valence	valence_dev_from_2	nvecsum	nvecsum_band	grmsd	grmsd_band	vacancy_pct	vacancy_band	geometry	bidentate	b_factors	top_proposed_metal	ca_is_top_proposal	cmm_status
AF3_cbEGF12-13_model0	AF3 (AlphaFold-Server)	cbEGF12-13	fold_fbn1_cbegf12_13_ca2	B:1	Ca	1.0	O7	7	1.7	-0.3	0.25	outlier	8.1	acceptable	0.0	acceptable	Capped Trigonal Biprism	0.0	98.2 (96.8)	Ca	True	parsed
AF3_cbEGF12-13_model0	AF3 (AlphaFold-Server)	cbEGF12-13	fold_fbn1_cbegf12_13_ca2	C:1	Ca	1.0	O6	6	1.7	-0.3	0.23	borderline	24.9	outlier	0.0	acceptable	Octahedral	0.0	96.3 (94.6)	Ca	True	parsed
AF3_cbEGF22-TB4-cbEGF23_model0	AF3 (AlphaFold-Server)	cbEGF22-TB4-cbEGF23	fold_fbn1_cbegf22_tb4_cbegf23_ca2	B:1	Ca	1.0	O6	6	1.5	-0.5	0.26	outlier	26.2	outlier	0.0	acceptable	Octahedral	0.0	98.8 (98.2)	Na	False	parsed
AF3_cbEGF22-TB4-cbEGF23_model0	AF3 (AlphaFold-Server)	cbEGF22-TB4-cbEGF23	fold_fbn1_cbegf22_tb4_cbegf23_ca2	C:1	Ca	1.0	O7	7	1.5	-0.5	0.25	outlier	9.6	acceptable	0.0	acceptable	Capped Trigonal Biprism	0.0	96.7 (95.7)	Ca	True	parsed
AF3_cbEGF32-33_model0	AF3 (AlphaFold-Server)	cbEGF32-33	fold_fbn1_cbegf32_33_ca2	B:1	Ca	1.0	O7	7	1.8	-0.2	0.26	outlier	9.2	acceptable	0.0	acceptable	Capped Trigonal Biprism	0.0	93.2 (92.0)	Ca	True	parsed
AF3_cbEGF32-33_model0	AF3 (AlphaFold-Server)	cbEGF32-33	fold_fbn1_cbegf32_33_ca2	C:1	Ca	1.0	O5	5	1.3	-0.7	0.45	outlier	24.3	outlier	16.0	borderline	Octahedral	0.0	89.3 (90.0)	Na	False	parsed
AF3_cbEGF9-hyb2-cbEGF10_model0	AF3 (AlphaFold-Server)	cbEGF9-hyb2-cbEGF10	fold_fbn1_cbegf9_hyb2_cbegf10_ca2	B:1	Ca	1.0	O6	6	1.7	-0.3	0.19	borderline	25.8	outlier	0.0	acceptable	Octahedral	0.0	98.6 (97.8)	Ca	True	parsed
AF3_cbEGF9-hyb2-cbEGF10_model0	AF3 (AlphaFold-Server)	cbEGF9-hyb2-cbEGF10	fold_fbn1_cbegf9_hyb2_cbegf10_ca2	C:1	Ca	1.0	O6	6	1.6	-0.4	0.29	outlier	25.7	outlier	0.0	acceptable	Octahedral	0.0	92.9 (94.2)	Na	False	parsed
EXP_1EMN_cbEGF32-33	experimental	cbEGF32-33	1EMN	A:2224	Ca	1.0	O6N1	7	1.3	-0.7	0.19	borderline	16.6	borderline	0.0	acceptable	Trigonal Bipyramidal	1.0	N/A	Na	False	parsed
EXP_1EMN_cbEGF32-33	experimental	cbEGF32-33	1EMN	A:2225	Ca	1.0	O7	7	1.4	-0.6	0.12	borderline	16.7	borderline	0.0	acceptable	Trigonal Bipyramidal	1.0	N/A	Na	False	parsed
EXP_1LMJ_cbEGF12-13	experimental	cbEGF12-13	1LMJ	A:101	Ca	1.0	O6N1	7	1.4	-0.6	0.22	borderline	27.7	outlier	16.0	borderline	Octahedral	1.0	N/A	Na	False	parsed
EXP_1LMJ_cbEGF12-13	experimental	cbEGF12-13	1LMJ	A:102	Ca	1.0	O6N1	7	1.5	-0.5	0.28	outlier	23.9	outlier	0.0	acceptable	Trigonal Bipyramidal	1.0	N/A	Mn	False	parsed
EXP_1UZJ_cbEGF22-TB4-cbEGF23	experimental	cbEGF22-TB4-cbEGF23	1UZJ	A:1648	Ca	1.0	O6	6	1.5	-0.5	0.34	outlier	26.7	outlier	0.0	acceptable	Octahedral	0.0	28.2 (22.2)	Na	False	parsed
EXP_1UZJ_cbEGF22-TB4-cbEGF23	experimental	cbEGF22-TB4-cbEGF23	1UZJ	A:1649	Ca	1.0	O6	6	1.8	-0.2	0.22	borderline	25.3	outlier	0.0	acceptable	Octahedral	0.0	24.4 (24.3)	Ca	True	parsed
EXP_2W86_cbEGF9-hyb2-cbEGF10	experimental	cbEGF9-hyb2-cbEGF10	2W86	A:1148	Ca	1.0	O6	6	1.3	-0.7	0.32	outlier	25.7	outlier	0.0	acceptable	Octahedral	0.0	19.7 (18.4)	Na	False	parsed
EXP_2W86_cbEGF9-hyb2-cbEGF10	experimental	cbEGF9-hyb2-cbEGF10	2W86	A:1149	Ca	1.0	O6	6	1.5	-0.5	0.18	borderline	26.4	outlier	0.0	acceptable	Octahedral	0.0	14.9 (13.8)	Na	False	parsed
