job_name,construct,uniprot_range,length_aa,n_ca_ions,cbegf_domains,domains_covered,destination,sha256_sequence
FBN1_cbEGF1-3_Ca3,cbEGF1-3,246-529,284,3,"1,2,3",EGF-like 4; calcium-binding [cbEGF1] (246-287); EGF-like 5; calcium-binding [cbEGF2] (288-329); TB 2 (334-389); EGF-like 6 (449-489); EGF-like 7; calcium-binding [cbEGF3] (490-529),structures/alphafold/FBN1_cbEGF1-3_Ca3/,b650a645d7b5e671
FBN1_cbEGF3-5_Ca3,cbEGF3-5,490-612,123,3,"3,4,5",EGF-like 7; calcium-binding [cbEGF3] (490-529); EGF-like 8; calcium-binding [cbEGF4] (530-571); EGF-like 9; calcium-binding [cbEGF5] (572-612),structures/alphafold/FBN1_cbEGF3-5_Ca3/,e5ddc84acf312d88
FBN1_cbEGF5-7_Ca3,cbEGF5-7,572-764,193,3,"5,6,7",EGF-like 9; calcium-binding [cbEGF5] (572-612); EGF-like 10; calcium-binding [cbEGF6] (613-653); TB 3 (659-711); EGF-like 11; calcium-binding [cbEGF7] (723-764),structures/alphafold/FBN1_cbEGF5-7_Ca3/,389a04bdc5f18007
FBN1_cbEGF7-9_Ca3,cbEGF7-9,723-846,124,3,"7,8,9",EGF-like 11; calcium-binding [cbEGF7] (723-764); EGF-like 12; calcium-binding [cbEGF8] (765-806); EGF-like 13; calcium-binding [cbEGF9] (807-846),structures/alphafold/FBN1_cbEGF7-9_Ca3/,57ceb2c9db25b4f8
FBN1_cbEGF9-11_Ca3,cbEGF9-11,807-1069,263,3,"9,10,11",EGF-like 13; calcium-binding [cbEGF9] (807-846); TB 4 (851-902); EGF-like 14; calcium-binding [cbEGF10] (910-951); TB 5 (956-1008); EGF-like 15; calcium-binding [cbEGF11] (1028-1069),structures/alphafold/FBN1_cbEGF9-11_Ca3/,bd0a7b3b48995f35
FBN1_cbEGF11-13_Ca3,cbEGF11-13,1028-1154,127,3,"11,12,13",EGF-like 15; calcium-binding [cbEGF11] (1028-1069); EGF-like 16; calcium-binding [cbEGF12] (1070-1112); EGF-like 17; calcium-binding [cbEGF13] (1113-1154),structures/alphafold/FBN1_cbEGF11-13_Ca3/,9db1cf9dbeee37e0
FBN1_cbEGF13-15_Ca3,cbEGF13-15,1113-1237,125,3,"13,14,15",EGF-like 17; calcium-binding [cbEGF13] (1113-1154); EGF-like 18; calcium-binding [cbEGF14] (1155-1196); EGF-like 19; calcium-binding [cbEGF15] (1197-1237),structures/alphafold/FBN1_cbEGF13-15_Ca3/,9e1fd86f58884775
FBN1_cbEGF15-17_Ca3,cbEGF15-17,1197-1321,125,3,"15,16,17",EGF-like 19; calcium-binding [cbEGF15] (1197-1237); EGF-like 20; calcium-binding [cbEGF16] (1238-1279); EGF-like 21; calcium-binding [cbEGF17] (1280-1321),structures/alphafold/FBN1_cbEGF15-17_Ca3/,c81396e5ed0c67f4
FBN1_cbEGF17-19_Ca3,cbEGF17-19,1280-1403,124,3,"17,18,19",EGF-like 21; calcium-binding [cbEGF17] (1280-1321); EGF-like 22; calcium-binding [cbEGF18] (1322-1362); EGF-like 23; calcium-binding [cbEGF19] (1363-1403),structures/alphafold/FBN1_cbEGF17-19_Ca3/,21ad8cc4561fd1cb
FBN1_cbEGF19-21_Ca3,cbEGF19-21,1363-1486,124,3,"19,20,21",EGF-like 23; calcium-binding [cbEGF19] (1363-1403); EGF-like 24; calcium-binding [cbEGF20] (1404-1445); EGF-like 25; calcium-binding [cbEGF21] (1446-1486),structures/alphafold/FBN1_cbEGF19-21_Ca3/,7652abc89e2f3763
FBN1_cbEGF21-23_Ca3,cbEGF21-23,1446-1647,202,3,"21,22,23",EGF-like 25; calcium-binding [cbEGF21] (1446-1486); EGF-like 26; calcium-binding [cbEGF22] (1487-1527); TB 6 (1532-1589); EGF-like 27; calcium-binding [cbEGF23] (1606-1647),structures/alphafold/FBN1_cbEGF21-23_Ca3/,b174363849810c30
FBN1_cbEGF23-25_Ca3,cbEGF23-25,1606-1807,202,3,"23,24,25",EGF-like 27; calcium-binding [cbEGF23] (1606-1647); EGF-like 28; calcium-binding [cbEGF24] (1648-1688); TB 7 (1693-1748); EGF-like 29; calcium-binding [cbEGF25] (1766-1807),structures/alphafold/FBN1_cbEGF23-25_Ca3/,402e9b6917d8465d
FBN1_cbEGF25-27_Ca3,cbEGF25-27,1766-1890,125,3,"25,26,27",EGF-like 29; calcium-binding [cbEGF25] (1766-1807); EGF-like 30; calcium-binding [cbEGF26] (1808-1848); EGF-like 31; calcium-binding [cbEGF27] (1849-1890),structures/alphafold/FBN1_cbEGF25-27_Ca3/,1e4f34ab9fa66b4a
FBN1_cbEGF27-29_Ca3,cbEGF27-29,1849-1972,124,3,"27,28,29",EGF-like 31; calcium-binding [cbEGF27] (1849-1890); EGF-like 32; calcium-binding [cbEGF28] (1891-1929); EGF-like 33; calcium-binding [cbEGF29] (1930-1972),structures/alphafold/FBN1_cbEGF27-29_Ca3/,56e90cce85332053
FBN1_cbEGF29-31_Ca3,cbEGF29-31,1930-2054,125,3,"29,30,31",EGF-like 33; calcium-binding [cbEGF29] (1930-1972); EGF-like 34; calcium-binding [cbEGF30] (1973-2012); EGF-like 35; calcium-binding [cbEGF31] (2013-2054),structures/alphafold/FBN1_cbEGF29-31_Ca3/,e2dead2ffcfa037f
FBN1_cbEGF31-33_Ca3,cbEGF31-33,2013-2205,193,3,"31,32,33",EGF-like 35; calcium-binding [cbEGF31] (2013-2054); TB 8 (2059-2111); EGF-like 36; calcium-binding [cbEGF32] (2127-2165); EGF-like 37; calcium-binding [cbEGF33] (2166-2205),structures/alphafold/FBN1_cbEGF31-33_Ca3/,c9abe079c6e83745
FBN1_cbEGF33-35_Ca3,cbEGF33-35,2166-2290,125,3,"33,34,35",EGF-like 37; calcium-binding [cbEGF33] (2166-2205); EGF-like 38; calcium-binding [cbEGF34] (2206-2246); EGF-like 39; calcium-binding [cbEGF35] (2247-2290),structures/alphafold/FBN1_cbEGF33-35_Ca3/,ed1da4ec3aa52f8b
FBN1_cbEGF35-37_Ca3,cbEGF35-37,2247-2443,197,3,"35,36,37",EGF-like 39; calcium-binding [cbEGF35] (2247-2290); EGF-like 40; calcium-binding [cbEGF36] (2291-2332); TB 9 (2337-2390); EGF-like 41; calcium-binding [cbEGF37] (2402-2443),structures/alphafold/FBN1_cbEGF35-37_Ca3/,e3a6a7f3e0ea1537
FBN1_cbEGF37-39_Ca3,cbEGF37-39,2402-2523,122,3,"37,38,39",EGF-like 41; calcium-binding [cbEGF37] (2402-2443); EGF-like 42; calcium-binding [cbEGF38] (2444-2484); EGF-like 43; calcium-binding [cbEGF39] (2485-2523),structures/alphafold/FBN1_cbEGF37-39_Ca3/,623b97a61c695545
FBN1_cbEGF39-41_Ca3,cbEGF39-41,2485-2606,122,3,"39,40,41",EGF-like 43; calcium-binding [cbEGF39] (2485-2523); EGF-like 44; calcium-binding [cbEGF40] (2524-2566); EGF-like 45; calcium-binding [cbEGF41] (2567-2606),structures/alphafold/FBN1_cbEGF39-41_Ca3/,0fe127e246477d18
FBN1_cbEGF41-43_Ca3,cbEGF41-43,2567-2687,121,3,"41,42,43",EGF-like 45; calcium-binding [cbEGF41] (2567-2606); EGF-like 46; calcium-binding [cbEGF42] (2607-2647); EGF-like 47; calcium-binding [cbEGF43] (2648-2687),structures/alphafold/FBN1_cbEGF41-43_Ca3/,8338cabab1d9aba0
