cbegf_index	start	end	cys	ca_D1	ca_DN2	ca_EH	ca_DN_bOH	ca_YF
1	246	287	250;257;262;271;273;286	246:D	248:D	249:E	264:N	269:F
2	288	329	292;299;304;313;315;328	288:D	290:D	291:E	306:N	311:Y
3	490	529	494;499;504;513;515;528	490:D	492:D	493:E	506:N	511:Y
4	530	571	534;541;546;555;557;570	530:D	532:D	533:E	548:N	553:F
5	572	612	576;582;587;596;598;611	572:D	574:D	575:E	589:N	594:F
6	613	653	617;623;628;637;639;652	613:D	615:N	616:E	630:N	635:Y
7	723	764	727;734;739;748;750;763	723:D	725:N	726:E	741:N	746:Y
8	765	806	769;776;781;790;792;805	765:D	767:N	768:E	783:N	788:F
9	807	846	811;816;821;830;832;845	807:D	809:D	810:E	823:N	828:F
10	910	951	914;921;926;935;937;950	910:D	912:D	913:E	928:N	933:F
11	1028	1069	1032;1039;1044;1053;1055;1068	1028:D	1030:N	1031:E	1046:N	1051:F
12	1070	1112	1074;1081;1086;1095;1097;1111	1070:D	1072:D	1073:E	1088:N	1093:F
13	1113	1154	1117;1124;1129;1138;1140;1153	1113:D	1115:D	1116:E	1131:N	1136:Y
14	1155	1196	1159;1166;1171;1180;1182;1195	1155:D	1157:N	1158:E	1173:N	1178:Y
15	1197	1237	1201;1208;1212;1221;1223;1236	1197:D	1199:D	1200:E	1214:N	1219:Y
16	1238	1279	1242;1249;1254;1263;1265;1278	1238:D	1240:D	1241:E	1256:N	1261:Y
17	1280	1321	1284;1291;1296;1305;1307;1320	1280:D	1282:N	1283:E	1298:N	1303:F
18	1322	1362	1326;1333;1339;1348;1350;1361	1322:D	1324:N	1325:E	1341:N	1346:F
19	1363	1403	1367;1374;1380;1389;1391;1402	1363:D	1365:D	1366:E	1382:N	1387:Y
20	1404	1445	1408;1415;1420;1429;1431;1444	1404:D	1406:D	1407:E	1422:N	1427:Y
21	1446	1486	1450;1456;1461;1470;1472;1485	1446:D	1448:D	1449:E	1463:N	1468:F
22	1487	1527	1491;1497;1502;1511;1513;1526	1487:D	1489:N	1490:E	1504:N	1509:Y
23	1606	1647	1610;1617;1622;1631;1633;1646	1606:D	1608:D	1609:E	1624:N	1629:F
24	1648	1688	1652;1658;1663;1672;1674;1687	1648:D	1650:N	1651:E	1665:N	1670:Y
25	1766	1807	1770;1777;1782;1791;1793;1806	1766:D	1768:D	1769:E	1784:N	1789:F
26	1808	1848	1812;1818;1824;1833;1835;1847	1808:D	1810:D	1811:E	1826:N	1831:Y
27	1849	1890	1853;1860;1865;1874;1876;1889	1849:D	1851:N	1852:E	1867:D	1872:F
28	1891	1929	1895;1900;1905;1914;1916;1928	1891:D	1893:N	1894:E	1907:N	1912:F
29	1930	1972	1934;1942;1947;1956;1958;1971	1930:D	1932:D	1933:E	1949:N	1954:F
30	1973	2012	1977;1984;1989;1998;2000;2011	1973:D	1975:N	1976:E	1991:N	1996:Y
31	2013	2054	2017;2024;2029;2038;2040;2053	2013:D	2015:D	2016:E	2031:N	2036:F
32	2127	2165	2131;2137;2142;2151;2153;2164	2127:D	2129:D	2130:E	2144:N	2149:Y
33	2166	2205	2170;2176;2181;2190;2192;2204	2166:D	2168:D	2169:E	2183:N	2188:F
34	2206	2246	2210;2217;2221;2230;2232;2245	2206:D	2208:N	2209:E	2223:N	2228:Y
35	2247	2290	2251;2258;2265;2274;2276;2289	2247:D	2249:D	2250:E	2267:N	2272:Y
36	2291	2332	2295;2302;2307;2316;2318;2331	2291:D	2293:N	2294:E	2309:N	2314:Y
37	2402	2443	2406;2413;2418;2427;2429;2442	2402:D	2404:D	2405:E	2420:N	2425:Y
38	2444	2484	2448;2455;2459;2468;2470;2483	2444:D	2446:N	2447:E	2461:N	2466:Y
39	2485	2523	2489;2496;2500;2509;2511;2522	2485:D	2487:D	2488:E	2502:N	2507:F
40	2524	2566	2528;2535;2541;2550;2552;2565	2524:D	2526:N	2527:E	2543:N	2548:F
41	2567	2606	2571;2577;2581;2590;2592;2605	2567:D	2569:D	2570:E	2583:N	2588:Y
42	2607	2647	2611;2617;2622;2631;2633;2646	2607:D	2609:N	2610:E	2624:N	2629:Y
43	2648	2687	2652;2659;2663;2672;2674;2686	2648:D	2650:N	2651:E	2665:N	2670:Y
