cys1	cys2	role1	role2	in_cbegf	pairing
59	68			False	non-cbEGF
67	80			False	non-cbEGF
85	94			False	non-cbEGF
89	100			False	non-cbEGF
102	111			False	non-cbEGF
119	129			False	non-cbEGF
123	134			False	non-cbEGF
136	145			False	non-cbEGF
150	160			False	non-cbEGF
154	166			False	non-cbEGF
168	177			False	non-cbEGF
250	262	C1	C3	True	C1-C3
257	271	C2	C4	True	C2-C4
273	286	C5	C6	True	C5-C6
292	304	C1	C3	True	C1-C3
299	313	C2	C4	True	C2-C4
315	328	C5	C6	True	C5-C6
453	465			False	non-cbEGF
460	474			False	non-cbEGF
476	488			False	non-cbEGF
494	504	C1	C3	True	C1-C3
499	513	C2	C4	True	C2-C4
515	528	C5	C6	True	C5-C6
534	546	C1	C3	True	C1-C3
541	555	C2	C4	True	C2-C4
557	570	C5	C6	True	C5-C6
576	587	C1	C3	True	C1-C3
582	596	C2	C4	True	C2-C4
598	611	C5	C6	True	C5-C6
617	628	C1	C3	True	C1-C3
623	637	C2	C4	True	C2-C4
639	652	C5	C6	True	C5-C6
727	739	C1	C3	True	C1-C3
734	748	C2	C4	True	C2-C4
750	763	C5	C6	True	C5-C6
769	781	C1	C3	True	C1-C3
776	790	C2	C4	True	C2-C4
792	805	C5	C6	True	C5-C6
811	821	C1	C3	True	C1-C3
816	830	C2	C4	True	C2-C4
832	845	C5	C6	True	C5-C6
853	875			False	non-cbEGF
862	887			False	non-cbEGF
876	890			False	non-cbEGF
896	908			False	non-cbEGF
914	926	C1	C3	True	C1-C3
921	935	C2	C4	True	C2-C4
937	950	C5	C6	True	C5-C6
1032	1044	C1	C3	True	C1-C3
1039	1053	C2	C4	True	C2-C4
1055	1068	C5	C6	True	C5-C6
1074	1086	C1	C3	True	C1-C3
1081	1095	C2	C4	True	C2-C4
1097	1111	C5	C6	True	C5-C6
1117	1129	C1	C3	True	C1-C3
1124	1138	C2	C4	True	C2-C4
1140	1153	C5	C6	True	C5-C6
1159	1171	C1	C3	True	C1-C3
1166	1180	C2	C4	True	C2-C4
1182	1195	C5	C6	True	C5-C6
1201	1212	C1	C3	True	C1-C3
1208	1221	C2	C4	True	C2-C4
1223	1236	C5	C6	True	C5-C6
1242	1254	C1	C3	True	C1-C3
1249	1263	C2	C4	True	C2-C4
1265	1278	C5	C6	True	C5-C6
1284	1296	C1	C3	True	C1-C3
1291	1305	C2	C4	True	C2-C4
1307	1320	C5	C6	True	C5-C6
1326	1339	C1	C3	True	C1-C3
1333	1348	C2	C4	True	C2-C4
1350	1361	C5	C6	True	C5-C6
1367	1380	C1	C3	True	C1-C3
1374	1389	C2	C4	True	C2-C4
1391	1402	C5	C6	True	C5-C6
1408	1420	C1	C3	True	C1-C3
1415	1429	C2	C4	True	C2-C4
1431	1444	C5	C6	True	C5-C6
1450	1461	C1	C3	True	C1-C3
1456	1470	C2	C4	True	C2-C4
1472	1485	C5	C6	True	C5-C6
1491	1502	C1	C3	True	C1-C3
1497	1511	C2	C4	True	C2-C4
1513	1526	C5	C6	True	C5-C6
1534	1562			False	non-cbEGF
1549	1574			False	non-cbEGF
1563	1577			False	non-cbEGF
1564	1589			False	non-cbEGF
1610	1622	C1	C3	True	C1-C3
1617	1631	C2	C4	True	C2-C4
1633	1646	C5	C6	True	C5-C6
1652	1663	C1	C3	True	C1-C3
1658	1672	C2	C4	True	C2-C4
1674	1687	C5	C6	True	C5-C6
1770	1782	C1	C3	True	C1-C3
1777	1791	C2	C4	True	C2-C4
1793	1806	C5	C6	True	C5-C6
1812	1824	C1	C3	True	C1-C3
1818	1833	C2	C4	True	C2-C4
1835	1847	C5	C6	True	C5-C6
1853	1865	C1	C3	True	C1-C3
1860	1874	C2	C4	True	C2-C4
1876	1889	C5	C6	True	C5-C6
1895	1905	C1	C3	True	C1-C3
1900	1914	C2	C4	True	C2-C4
1916	1928	C5	C6	True	C5-C6
1934	1947	C1	C3	True	C1-C3
1942	1956	C2	C4	True	C2-C4
1958	1971	C5	C6	True	C5-C6
1977	1989	C1	C3	True	C1-C3
1984	1998	C2	C4	True	C2-C4
2000	2011	C5	C6	True	C5-C6
2017	2029	C1	C3	True	C1-C3
2024	2038	C2	C4	True	C2-C4
2040	2053	C5	C6	True	C5-C6
2061	2083			False	non-cbEGF
2070	2096			False	non-cbEGF
2084	2099			False	non-cbEGF
2085	2111			False	non-cbEGF
2131	2142	C1	C3	True	C1-C3
2137	2151	C2	C4	True	C2-C4
2153	2164	C5	C6	True	C5-C6
2170	2181	C1	C3	True	C1-C3
2176	2190	C2	C4	True	C2-C4
2192	2204	C5	C6	True	C5-C6
2210	2221	C1	C3	True	C1-C3
2217	2230	C2	C4	True	C2-C4
2232	2245	C5	C6	True	C5-C6
2251	2265	C1	C3	True	C1-C3
2258	2274	C2	C4	True	C2-C4
2276	2289	C5	C6	True	C5-C6
2295	2307	C1	C3	True	C1-C3
2302	2316	C2	C4	True	C2-C4
2318	2331	C5	C6	True	C5-C6
2406	2418	C1	C3	True	C1-C3
2413	2427	C2	C4	True	C2-C4
2429	2442	C5	C6	True	C5-C6
2448	2459	C1	C3	True	C1-C3
2455	2468	C2	C4	True	C2-C4
2470	2483	C5	C6	True	C5-C6
2489	2500	C1	C3	True	C1-C3
2496	2509	C2	C4	True	C2-C4
2511	2522	C5	C6	True	C5-C6
2528	2541	C1	C3	True	C1-C3
2535	2550	C2	C4	True	C2-C4
2552	2565	C5	C6	True	C5-C6
2571	2581	C1	C3	True	C1-C3
2577	2590	C2	C4	True	C2-C4
2592	2605	C5	C6	True	C5-C6
2611	2622	C1	C3	True	C1-C3
2617	2631	C2	C4	True	C2-C4
2633	2646	C5	C6	True	C5-C6
2652	2663	C1	C3	True	C1-C3
2659	2672	C2	C4	True	C2-C4
2674	2686	C5	C6	True	C5-C6
