cys1	cys2	res1	res2	domain1	domain2	intra_domain
59	68	C	C	outside annotated domains	outside annotated domains	True
67	80	C	C	outside annotated domains	outside annotated domains	True
85	94	C	C	EGF-like 1	EGF-like 1	True
89	100	C	C	EGF-like 1	EGF-like 1	True
102	111	C	C	EGF-like 1	EGF-like 1	True
119	129	C	C	EGF-like 2	EGF-like 2	True
123	134	C	C	EGF-like 2	EGF-like 2	True
136	145	C	C	EGF-like 2	EGF-like 2	True
150	160	C	C	EGF-like 3	EGF-like 3	True
154	166	C	C	EGF-like 3	EGF-like 3	True
168	177	C	C	EGF-like 3	EGF-like 3	True
250	262	C	C	cbEGF1	cbEGF1	True
257	271	C	C	cbEGF1	cbEGF1	True
273	286	C	C	cbEGF1	cbEGF1	True
292	304	C	C	cbEGF2	cbEGF2	True
299	313	C	C	cbEGF2	cbEGF2	True
315	328	C	C	cbEGF2	cbEGF2	True
453	465	C	C	EGF-like 6	EGF-like 6	True
460	474	C	C	EGF-like 6	EGF-like 6	True
476	488	C	C	EGF-like 6	EGF-like 6	True
494	504	C	C	cbEGF3	cbEGF3	True
499	513	C	C	cbEGF3	cbEGF3	True
515	528	C	C	cbEGF3	cbEGF3	True
534	546	C	C	cbEGF4	cbEGF4	True
541	555	C	C	cbEGF4	cbEGF4	True
557	570	C	C	cbEGF4	cbEGF4	True
576	587	C	C	cbEGF5	cbEGF5	True
582	596	C	C	cbEGF5	cbEGF5	True
598	611	C	C	cbEGF5	cbEGF5	True
617	628	C	C	cbEGF6	cbEGF6	True
623	637	C	C	cbEGF6	cbEGF6	True
639	652	C	C	cbEGF6	cbEGF6	True
727	739	C	C	cbEGF7	cbEGF7	True
734	748	C	C	cbEGF7	cbEGF7	True
750	763	C	C	cbEGF7	cbEGF7	True
769	781	C	C	cbEGF8	cbEGF8	True
776	790	C	C	cbEGF8	cbEGF8	True
792	805	C	C	cbEGF8	cbEGF8	True
811	821	C	C	cbEGF9	cbEGF9	True
816	830	C	C	cbEGF9	cbEGF9	True
832	845	C	C	cbEGF9	cbEGF9	True
853	875	C	C	TB 4	TB 4	True
862	887	C	C	TB 4	TB 4	True
876	890	C	C	TB 4	TB 4	True
896	908	C	C	TB 4	outside annotated domains	False
914	926	C	C	cbEGF10	cbEGF10	True
921	935	C	C	cbEGF10	cbEGF10	True
937	950	C	C	cbEGF10	cbEGF10	True
1032	1044	C	C	cbEGF11	cbEGF11	True
1039	1053	C	C	cbEGF11	cbEGF11	True
1055	1068	C	C	cbEGF11	cbEGF11	True
1074	1086	C	C	cbEGF12	cbEGF12	True
1081	1095	C	C	cbEGF12	cbEGF12	True
1097	1111	C	C	cbEGF12	cbEGF12	True
1117	1129	C	C	cbEGF13	cbEGF13	True
1124	1138	C	C	cbEGF13	cbEGF13	True
1140	1153	C	C	cbEGF13	cbEGF13	True
1159	1171	C	C	cbEGF14	cbEGF14	True
1166	1180	C	C	cbEGF14	cbEGF14	True
1182	1195	C	C	cbEGF14	cbEGF14	True
1201	1212	C	C	cbEGF15	cbEGF15	True
1208	1221	C	C	cbEGF15	cbEGF15	True
1223	1236	C	C	cbEGF15	cbEGF15	True
1242	1254	C	C	cbEGF16	cbEGF16	True
1249	1263	C	C	cbEGF16	cbEGF16	True
1265	1278	C	C	cbEGF16	cbEGF16	True
1284	1296	C	C	cbEGF17	cbEGF17	True
1291	1305	C	C	cbEGF17	cbEGF17	True
1307	1320	C	C	cbEGF17	cbEGF17	True
1326	1339	C	C	cbEGF18	cbEGF18	True
1333	1348	C	C	cbEGF18	cbEGF18	True
1350	1361	C	C	cbEGF18	cbEGF18	True
1367	1380	C	C	cbEGF19	cbEGF19	True
1374	1389	C	C	cbEGF19	cbEGF19	True
1391	1402	C	C	cbEGF19	cbEGF19	True
1408	1420	C	C	cbEGF20	cbEGF20	True
1415	1429	C	C	cbEGF20	cbEGF20	True
1431	1444	C	C	cbEGF20	cbEGF20	True
1450	1461	C	C	cbEGF21	cbEGF21	True
1456	1470	C	C	cbEGF21	cbEGF21	True
1472	1485	C	C	cbEGF21	cbEGF21	True
1491	1502	C	C	cbEGF22	cbEGF22	True
1497	1511	C	C	cbEGF22	cbEGF22	True
1513	1526	C	C	cbEGF22	cbEGF22	True
1534	1562	C	C	TB 6	TB 6	True
1549	1574	C	C	TB 6	TB 6	True
1563	1577	C	C	TB 6	TB 6	True
1564	1589	C	C	TB 6	TB 6	True
1610	1622	C	C	cbEGF23	cbEGF23	True
1617	1631	C	C	cbEGF23	cbEGF23	True
1633	1646	C	C	cbEGF23	cbEGF23	True
1652	1663	C	C	cbEGF24	cbEGF24	True
1658	1672	C	C	cbEGF24	cbEGF24	True
1674	1687	C	C	cbEGF24	cbEGF24	True
1770	1782	C	C	cbEGF25	cbEGF25	True
1777	1791	C	C	cbEGF25	cbEGF25	True
1793	1806	C	C	cbEGF25	cbEGF25	True
1812	1824	C	C	cbEGF26	cbEGF26	True
1818	1833	C	C	cbEGF26	cbEGF26	True
1835	1847	C	C	cbEGF26	cbEGF26	True
1853	1865	C	C	cbEGF27	cbEGF27	True
1860	1874	C	C	cbEGF27	cbEGF27	True
1876	1889	C	C	cbEGF27	cbEGF27	True
1895	1905	C	C	cbEGF28	cbEGF28	True
1900	1914	C	C	cbEGF28	cbEGF28	True
1916	1928	C	C	cbEGF28	cbEGF28	True
1934	1947	C	C	cbEGF29	cbEGF29	True
1942	1956	C	C	cbEGF29	cbEGF29	True
1958	1971	C	C	cbEGF29	cbEGF29	True
1977	1989	C	C	cbEGF30	cbEGF30	True
1984	1998	C	C	cbEGF30	cbEGF30	True
2000	2011	C	C	cbEGF30	cbEGF30	True
2017	2029	C	C	cbEGF31	cbEGF31	True
2024	2038	C	C	cbEGF31	cbEGF31	True
2040	2053	C	C	cbEGF31	cbEGF31	True
2061	2083	C	C	TB 8	TB 8	True
2070	2096	C	C	TB 8	TB 8	True
2084	2099	C	C	TB 8	TB 8	True
2085	2111	C	C	TB 8	TB 8	True
2131	2142	C	C	cbEGF32	cbEGF32	True
2137	2151	C	C	cbEGF32	cbEGF32	True
2153	2164	C	C	cbEGF32	cbEGF32	True
2170	2181	C	C	cbEGF33	cbEGF33	True
2176	2190	C	C	cbEGF33	cbEGF33	True
2192	2204	C	C	cbEGF33	cbEGF33	True
2210	2221	C	C	cbEGF34	cbEGF34	True
2217	2230	C	C	cbEGF34	cbEGF34	True
2232	2245	C	C	cbEGF34	cbEGF34	True
2251	2265	C	C	cbEGF35	cbEGF35	True
2258	2274	C	C	cbEGF35	cbEGF35	True
2276	2289	C	C	cbEGF35	cbEGF35	True
2295	2307	C	C	cbEGF36	cbEGF36	True
2302	2316	C	C	cbEGF36	cbEGF36	True
2318	2331	C	C	cbEGF36	cbEGF36	True
2406	2418	C	C	cbEGF37	cbEGF37	True
2413	2427	C	C	cbEGF37	cbEGF37	True
2429	2442	C	C	cbEGF37	cbEGF37	True
2448	2459	C	C	cbEGF38	cbEGF38	True
2455	2468	C	C	cbEGF38	cbEGF38	True
2470	2483	C	C	cbEGF38	cbEGF38	True
2489	2500	C	C	cbEGF39	cbEGF39	True
2496	2509	C	C	cbEGF39	cbEGF39	True
2511	2522	C	C	cbEGF39	cbEGF39	True
2528	2541	C	C	cbEGF40	cbEGF40	True
2535	2550	C	C	cbEGF40	cbEGF40	True
2552	2565	C	C	cbEGF40	cbEGF40	True
2571	2581	C	C	cbEGF41	cbEGF41	True
2577	2590	C	C	cbEGF41	cbEGF41	True
2592	2605	C	C	cbEGF41	cbEGF41	True
2611	2622	C	C	cbEGF42	cbEGF42	True
2617	2631	C	C	cbEGF42	cbEGF42	True
2633	2646	C	C	cbEGF42	cbEGF42	True
2652	2663	C	C	cbEGF43	cbEGF43	True
2659	2672	C	C	cbEGF43	cbEGF43	True
2674	2686	C	C	cbEGF43	cbEGF43	True
