target	target_pdb	donor	donor_pdb	n_aligned	backbone_rmsd_A	ca_transplant_error_A
cbEGF9	2W86	cbEGF10	2W86	40	5.575	1.134
cbEGF9	2W86	cbEGF12	1LMJ	40	5.541	0.876
cbEGF9	2W86	cbEGF13	1LMJ	40	5.366	1.069
cbEGF9	2W86	cbEGF22	1UZJ	40	5.764	1.657
cbEGF9	2W86	cbEGF23	1UZJ	40	7.4	1.787
cbEGF9	2W86	cbEGF32	1EMN	39	3.862	1.769
cbEGF9	2W86	cbEGF33	1EMN	40	3.715	2.395
cbEGF10	2W86	cbEGF9	2W86	40	5.575	1.134
cbEGF10	2W86	cbEGF12	1LMJ	42	2.602	1.005
cbEGF10	2W86	cbEGF13	1LMJ	42	2.842	0.702
cbEGF10	2W86	cbEGF22	1UZJ	42	1.921	1.228
cbEGF10	2W86	cbEGF23	1UZJ	42	3.838	1.051
cbEGF10	2W86	cbEGF32	1EMN	39	4.902	2.676
cbEGF10	2W86	cbEGF33	1EMN	40	4.566	1.159
cbEGF12	1LMJ	cbEGF9	2W86	40	5.541	0.876
cbEGF12	1LMJ	cbEGF10	2W86	42	2.602	1.005
cbEGF12	1LMJ	cbEGF13	1LMJ	42	2.911	0.812
cbEGF12	1LMJ	cbEGF22	1UZJ	42	2.765	2.061
cbEGF12	1LMJ	cbEGF23	1UZJ	43	4.234	1.651
cbEGF12	1LMJ	cbEGF32	1EMN	39	4.808	1.873
cbEGF12	1LMJ	cbEGF33	1EMN	40	4.283	2.263
cbEGF13	1LMJ	cbEGF9	2W86	40	5.366	1.069
cbEGF13	1LMJ	cbEGF10	2W86	42	2.842	0.702
cbEGF13	1LMJ	cbEGF12	1LMJ	42	2.911	0.812
cbEGF13	1LMJ	cbEGF22	1UZJ	42	3.285	1.466
cbEGF13	1LMJ	cbEGF23	1UZJ	42	4.45	1.236
cbEGF13	1LMJ	cbEGF32	1EMN	39	4.4	1.923
cbEGF13	1LMJ	cbEGF33	1EMN	40	4.375	1.412
cbEGF22	1UZJ	cbEGF9	2W86	40	5.764	1.657
cbEGF22	1UZJ	cbEGF10	2W86	42	1.921	1.228
cbEGF22	1UZJ	cbEGF12	1LMJ	42	2.765	2.061
cbEGF22	1UZJ	cbEGF13	1LMJ	42	3.285	1.466
cbEGF22	1UZJ	cbEGF23	1UZJ	42	3.738	0.455
cbEGF22	1UZJ	cbEGF32	1EMN	39	5.159	2.894
cbEGF22	1UZJ	cbEGF33	1EMN	40	4.704	0.995
cbEGF23	1UZJ	cbEGF9	2W86	40	7.4	1.787
cbEGF23	1UZJ	cbEGF10	2W86	42	3.838	1.051
cbEGF23	1UZJ	cbEGF12	1LMJ	43	4.234	1.651
cbEGF23	1UZJ	cbEGF13	1LMJ	42	4.45	1.236
cbEGF23	1UZJ	cbEGF22	1UZJ	42	3.738	0.455
cbEGF23	1UZJ	cbEGF32	1EMN	39	6.148	3.283
cbEGF23	1UZJ	cbEGF33	1EMN	40	6.527	0.937
cbEGF32	1EMN	cbEGF9	2W86	39	3.862	1.769
cbEGF32	1EMN	cbEGF10	2W86	39	4.902	2.676
cbEGF32	1EMN	cbEGF12	1LMJ	39	4.808	1.873
cbEGF32	1EMN	cbEGF13	1LMJ	39	4.4	1.923
cbEGF32	1EMN	cbEGF22	1UZJ	39	5.159	2.894
cbEGF32	1EMN	cbEGF23	1UZJ	39	6.148	3.283
cbEGF32	1EMN	cbEGF33	1EMN	39	4.409	3.423
cbEGF33	1EMN	cbEGF9	2W86	40	3.715	2.395
cbEGF33	1EMN	cbEGF10	2W86	40	4.566	1.159
cbEGF33	1EMN	cbEGF12	1LMJ	40	4.283	2.263
cbEGF33	1EMN	cbEGF13	1LMJ	40	4.375	1.412
cbEGF33	1EMN	cbEGF22	1UZJ	40	4.704	0.995
cbEGF33	1EMN	cbEGF23	1UZJ	40	6.527	0.937
cbEGF33	1EMN	cbEGF32	1EMN	39	4.409	3.423
