domain	construct	job	reference_pdb	model	n_residues	domain_backbone_rmsd_A	construct_backbone_rmsd_A	ca_deviation_A	mean_plddt_ca_site
cbEGF9	cbEGF9-hyb2-cbEGF10	fold_fbn1_cbegf9_hyb2_cbegf10_ca2	2W86	0	40	0.337	1.762	0.134	94.7
cbEGF10	cbEGF9-hyb2-cbEGF10	fold_fbn1_cbegf9_hyb2_cbegf10_ca2	2W86	0	42	0.65	1.762	0.304	98.0
cbEGF9	cbEGF9-hyb2-cbEGF10	fold_fbn1_cbegf9_hyb2_cbegf10_ca2	2W86	1	40	0.408	1.735	0.198	95.0
cbEGF10	cbEGF9-hyb2-cbEGF10	fold_fbn1_cbegf9_hyb2_cbegf10_ca2	2W86	1	42	0.636	1.735	0.326	98.2
cbEGF9	cbEGF9-hyb2-cbEGF10	fold_fbn1_cbegf9_hyb2_cbegf10_ca2	2W86	2	40	0.414	1.845	0.092	94.7
cbEGF10	cbEGF9-hyb2-cbEGF10	fold_fbn1_cbegf9_hyb2_cbegf10_ca2	2W86	2	42	0.623	1.845	0.358	98.1
cbEGF9	cbEGF9-hyb2-cbEGF10	fold_fbn1_cbegf9_hyb2_cbegf10_ca2	2W86	3	40	0.388	1.655	0.127	94.9
cbEGF10	cbEGF9-hyb2-cbEGF10	fold_fbn1_cbegf9_hyb2_cbegf10_ca2	2W86	3	42	0.665	1.655	0.363	98.1
cbEGF9	cbEGF9-hyb2-cbEGF10	fold_fbn1_cbegf9_hyb2_cbegf10_ca2	2W86	4	40	0.357	1.632	0.112	94.9
cbEGF10	cbEGF9-hyb2-cbEGF10	fold_fbn1_cbegf9_hyb2_cbegf10_ca2	2W86	4	42	0.704	1.632	0.358	98.1
cbEGF12	cbEGF12-13	fold_fbn1_cbegf12_13_ca2	1LMJ	0	43	1.781	3.335	1.382	95.0
cbEGF13	cbEGF12-13	fold_fbn1_cbegf12_13_ca2	1LMJ	0	42	2.323	3.335	0.544	97.2
cbEGF12	cbEGF12-13	fold_fbn1_cbegf12_13_ca2	1LMJ	1	43	1.733	3.636	1.853	94.9
cbEGF13	cbEGF12-13	fold_fbn1_cbegf12_13_ca2	1LMJ	1	42	2.31	3.636	0.675	96.8
cbEGF12	cbEGF12-13	fold_fbn1_cbegf12_13_ca2	1LMJ	2	43	1.525	2.987	1.46	95.2
cbEGF13	cbEGF12-13	fold_fbn1_cbegf12_13_ca2	1LMJ	2	42	2.301	2.987	0.506	96.9
cbEGF12	cbEGF12-13	fold_fbn1_cbegf12_13_ca2	1LMJ	3	43	1.707	2.873	2.238	94.7
cbEGF13	cbEGF12-13	fold_fbn1_cbegf12_13_ca2	1LMJ	3	42	2.156	2.873	0.671	96.8
cbEGF12	cbEGF12-13	fold_fbn1_cbegf12_13_ca2	1LMJ	4	43	1.631	3.487	1.719	94.7
cbEGF13	cbEGF12-13	fold_fbn1_cbegf12_13_ca2	1LMJ	4	42	2.214	3.487	0.623	96.3
cbEGF22	cbEGF22-TB4-cbEGF23	fold_fbn1_cbegf22_tb4_cbegf23_ca2	1UZJ	0	42	0.925	1.459	0.364	96.0
cbEGF23	cbEGF22-TB4-cbEGF23	fold_fbn1_cbegf22_tb4_cbegf23_ca2	1UZJ	0	43	0.348	1.459	0.285	98.3
cbEGF22	cbEGF22-TB4-cbEGF23	fold_fbn1_cbegf22_tb4_cbegf23_ca2	1UZJ	1	42	1.032	1.45	0.529	96.2
cbEGF23	cbEGF22-TB4-cbEGF23	fold_fbn1_cbegf22_tb4_cbegf23_ca2	1UZJ	1	43	0.329	1.45	0.266	98.3
cbEGF22	cbEGF22-TB4-cbEGF23	fold_fbn1_cbegf22_tb4_cbegf23_ca2	1UZJ	2	42	0.989	1.508	0.485	95.9
cbEGF23	cbEGF22-TB4-cbEGF23	fold_fbn1_cbegf22_tb4_cbegf23_ca2	1UZJ	2	43	0.407	1.508	0.335	98.2
cbEGF22	cbEGF22-TB4-cbEGF23	fold_fbn1_cbegf22_tb4_cbegf23_ca2	1UZJ	3	42	0.921	1.463	0.45	95.9
cbEGF23	cbEGF22-TB4-cbEGF23	fold_fbn1_cbegf22_tb4_cbegf23_ca2	1UZJ	3	43	0.333	1.463	0.294	98.3
cbEGF22	cbEGF22-TB4-cbEGF23	fold_fbn1_cbegf22_tb4_cbegf23_ca2	1UZJ	4	42	1.065	1.556	0.592	95.6
cbEGF23	cbEGF22-TB4-cbEGF23	fold_fbn1_cbegf22_tb4_cbegf23_ca2	1UZJ	4	43	0.394	1.556	0.242	98.2
cbEGF32	cbEGF32-33	fold_fbn1_cbegf32_33_ca2	1EMN	0	39	1.81	3.146	1.641	89.7
cbEGF33	cbEGF32-33	fold_fbn1_cbegf32_33_ca2	1EMN	0	40	2.514	3.146	1.078	92.4
cbEGF32	cbEGF32-33	fold_fbn1_cbegf32_33_ca2	1EMN	1	39	1.763	2.763	1.766	90.5
cbEGF33	cbEGF32-33	fold_fbn1_cbegf32_33_ca2	1EMN	1	40	2.645	2.763	1.301	91.9
cbEGF32	cbEGF32-33	fold_fbn1_cbegf32_33_ca2	1EMN	2	39	2.25	3.31	1.884	91.5
cbEGF33	cbEGF32-33	fold_fbn1_cbegf32_33_ca2	1EMN	2	40	2.6	3.31	1.197	88.3
cbEGF32	cbEGF32-33	fold_fbn1_cbegf32_33_ca2	1EMN	3	39	1.824	3.284	1.946	87.5
cbEGF33	cbEGF32-33	fold_fbn1_cbegf32_33_ca2	1EMN	3	40	2.493	3.284	0.938	87.3
cbEGF32	cbEGF32-33	fold_fbn1_cbegf32_33_ca2	1EMN	4	39	1.448	2.83	1.151	85.7
cbEGF33	cbEGF32-33	fold_fbn1_cbegf32_33_ca2	1EMN	4	40	2.391	2.83	0.919	84.3
