family	test	n_a	n_b	median_a	median_b	effect	estimate	ci_lo	ci_hi	estimate_wt_matched	n_strata	p_raw	note	p_adj
A_alphamissense	AlphaMissense: Ca ligands vs composition control	271	323.0	0.9889	0.2595	Cliff's delta	0.962	0.94	0.982	0.959	3	8.816713968758861e-91	composition control = other D/E/N positions with coverage	1.322507095313829e-90
A_alphamissense	AlphaMissense: motif non-ligands vs composition control	143	323.0	0.9374	0.2595	Cliff's delta	0.64	0.539	0.731	0.479	3	2.729430702849567e-28	composition control = other D/E/N positions with coverage	2.729430702849567e-28
A_alphamissense	AlphaMissense: cysteine-removing vs composition control	1132	323.0	0.9984	0.2595	Cliff's delta	0.996	0.991	1.0		0	1.3112913998083726e-164	composition control = other D/E/N positions with coverage	3.933874199425118e-164
B_stability	foldx_ddG (kcal/mol): Ca ligands vs composition control	50	67.0	1.017	0.242	Cliff's delta	0.232	0.02	0.436		3	0.03231221338383824	FoldX covers only experimental templates	0.060434092556495164
B_stability	foldx_ddG (kcal/mol): motif non-ligands vs composition control	26	67.0	0.574	0.242	Cliff's delta	0.101	-0.153	0.356		3	0.45382384143034227	FoldX covers only experimental templates	0.4538238414303423
B_stability	foldx_ddG (kcal/mol): cysteine-removing vs composition control	198	67.0	4.323	0.242	Cliff's delta	0.804	0.727	0.877		0	7.639632493080105e-23	FoldX covers only experimental templates	2.2918897479240314e-22
B_stability	rosetta_ddG (REU): Ca ligands vs composition control	271	323.0	1.84	1.767	Cliff's delta	-0.038	-0.131	0.052	-0.076	3	0.4194535626149898	metal-aware; the better-powered of the two	0.4538238414303423
B_stability	rosetta_ddG (REU): motif non-ligands vs composition control	143	323.0	2.949	1.767	Cliff's delta	0.119	-0.005	0.236	-0.166	3	0.04028939503766344	metal-aware; the better-powered of the two	0.060434092556495164
B_stability	rosetta_ddG (REU): cysteine-removing vs composition control	1038	323.0	10.8065	1.767	Cliff's delta	0.531	0.48	0.579		0	3.4159925252959285e-47	metal-aware; the better-powered of the two	2.049595515177557e-46
C_position	relative solvent accessibility: Ca ligands vs composition control	271	323.0	21.7	38.4	Cliff's delta	-0.682	-0.751	-0.615	-0.649	3	1.305184524523282e-46	ligands are more buried; Figure 3 tests whether that explains B	3.915553573569846e-46
C_position	rosetta_ddG within buried (RSA<20%): Ca ligands vs composition control	97	46.0	1.72	4.142	Cliff's delta	-0.386	-0.576	-0.182		0	0.00020021530938476128	burial-stratified control	0.0003003229640771419
C_position	rosetta_ddG within partial (20-50%): Ca ligands vs composition control	173	186.0	1.92	2.013	Cliff's delta	-0.037	-0.155	0.081		0	0.5417505222322658	burial-stratified control	0.5417505222322658
D_geometry	delta BVS %: pathogenic Ca ligands vs all controls	33	24.0	-5.7	-0.5	Cliff's delta	-0.473	-0.717	-0.192		0	0.0025051419770080667	cognate site; null threshold 9.1% from 123 no-effect sites	0.00563656944826815
D_geometry	local backbone RMSD: pathogenic Ca ligands vs all controls	33	24.0	0.29	0.245	Cliff's delta	0.365	0.037	0.645		0	0.019750274556668855	the fold, measured on the same models as the row above	0.03555049420200394
D_geometry	disruption rate: pathogenic Ca ligands vs all controls	33	24.0	45.5	4.2	odds ratio	19.167	29.8	62.0		0	0.000703893630683347	 (median columns are % disrupted; CI is Wilson on group A)	0.003167521338075062
D_geometry	disruption rate: donor removed vs donor retained	16	17.0	75.0	17.6	odds ratio	14.0	50.5	89.8		0	0.0015546633227605986	within the pathogenic ligand set (median columns are % disrupted; CI is Wilson on group A)	0.004663989968281796
D_geometry	disruption rate: donor removed vs retained, at the Asp/Glu positions	13	12.0	69.2	0.0	odds ratio	inf	42.4	87.3		0	0.00045766590389016026	stratified by consensus position (median columns are % disrupted; CI is Wilson on group A)	0.003167521338075062
D_geometry	disruption rate: donor removed vs retained, at the β-OH Asn position	3	5.0	100.0	60.0	odds ratio	inf	43.9	100.0		0	0.4642857142857143	stratified by consensus position (median columns are % disrupted; CI is Wilson on group A)	0.5969387755102041
D_geometry	disruption rate: Asn→Ser at the β-OH Asn vs every other ligand substitution	3	30.0	100.0	40.0	odds ratio	inf	43.9	100.0		0	0.08339442815249269	the substitution the ClinGen FBN1 VCEP exempts from PM1 (median columns are % disrupted; CI is Wilson on group A)	0.12509164222873903
D_geometry	Spearman(delta BVS %, Rosetta ddG) across pathogenic Ca ligands	33				Spearman rho	-0.089				0	0.6233196924608854	the two axes of damage are independent within this set	0.6233196924608854
D_geometry	AlphaMissense: disrupted vs intact Ca-ligand variants	15	18.0	0.9816	0.9819	Cliff's delta	0.107	-0.308	0.496		0	0.612706872066789	a sequence method cannot separate the variants that break the site	0.6233196924608854
E_enrichment	pathogenic vs population (gnomAD) at side-chain Ca ligand	524	1901.0	7.6	2.4	odds ratio	3.409	2.2075	5.2698		0	1.1417974524518813e-07	PARTLY CIRCULAR: ClinGen rules assign pathogenicity partly on position at these very features	2.2835949049037627e-07
E_enrichment	pathogenic vs ClinVar benign at side-chain Ca ligand	524	29.0	7.6	0.0	odds ratio	4.932	0.2959	82.2117		0	0.2560257773891075	PARTLY CIRCULAR: ClinGen rules assign pathogenicity partly on position at these very features	0.2926008884446943
E_enrichment	pathogenic vs population (gnomAD) at backbone-only Ca ligand	524	1901.0	0.4	7.3	odds ratio	0.049	0.0172	0.2119		0	7.671302593069592e-13	PARTLY CIRCULAR: ClinGen rules assign pathogenicity partly on position at these very features	2.0456806914852243e-12
E_enrichment	pathogenic vs ClinVar benign at backbone-only Ca ligand	524	29.0	0.4	3.4	odds ratio	0.107	0.0116	0.7126		0	0.1494738497316488	PARTLY CIRCULAR: ClinGen rules assign pathogenicity partly on position at these very features	0.19929846630886505
E_enrichment	pathogenic vs population (gnomAD) at motif-overcalled (not a ligand)	524	1901.0	4.0	2.7	odds ratio	1.485	0.902	2.5087		0	0.1478152468056588	PARTLY CIRCULAR: ClinGen rules assign pathogenicity partly on position at these very features	0.19929846630886505
E_enrichment	pathogenic vs ClinVar benign at motif-overcalled (not a ligand)	524	29.0	4.0	3.4	odds ratio	1.169	0.1486	4.4309		0	1.0	PARTLY CIRCULAR: ClinGen rules assign pathogenicity partly on position at these very features	1.0
E_enrichment	pathogenic vs population (gnomAD) at cysteine position	524	1901.0	70.6	1.7	odds ratio	140.327	92.9928	204.623		0	2.8848788176488658e-266	PARTLY CIRCULAR: ClinGen rules assign pathogenicity partly on position at these very features	2.3079030541190926e-265
E_enrichment	pathogenic vs ClinVar benign at cysteine position	524	29.0	70.6	0.0	odds ratio	141.485	8.5905	2330.2767		0	2.3916070366120183e-15	PARTLY CIRCULAR: ClinGen rules assign pathogenicity partly on position at these very features	9.566428146448073e-15
