job_name,class,variant,variation_id,clinical,construct,range,length,n_ca,wt_verified,destination
FBN1_cbEGF3-5_N548I_Ca3,ca_ligand_pathogenic,N548I,16432,pathogenic,FBN1_cbEGF3-5_Ca3,490-612,123,3,yes,structures/alphafold/fbn1_cbegf3-5_n548i_ca3/
FBN1_cbEGF5-7_D723A_Ca3,ca_ligand_pathogenic,D723A,16433,pathogenic,FBN1_cbEGF5-7_Ca3,572-764,193,3,yes,structures/alphafold/fbn1_cbegf5-7_d723a_ca3/
FBN1_cbEGF37-39_E2447K_Ca3,ca_ligand_pathogenic,E2447K,16437,pathogenic,FBN1_cbEGF37-39_Ca3,2402-2523,122,3,yes,structures/alphafold/fbn1_cbegf37-39_e2447k_ca3/
FBN1_cbEGF27-29_D1891H_Ca3,ca_ligand_pathogenic,D1891H,36092,pathogenic,FBN1_cbEGF27-29_Ca3,1849-1972,124,3,yes,structures/alphafold/fbn1_cbegf27-29_d1891h_ca3/
FBN1_cbEGF13-15_D1197N_Ca3,ca_ligand_pathogenic,D1197N,42339,pathogenic,FBN1_cbEGF13-15_Ca3,1113-1237,125,3,yes,structures/alphafold/fbn1_cbegf13-15_d1197n_ca3/
FBN1_cbEGF23-25_D1648N_Ca3,ca_ligand_pathogenic,D1648N,42375,pathogenic,FBN1_cbEGF23-25_Ca3,1606-1807,202,3,yes,structures/alphafold/fbn1_cbegf23-25_d1648n_ca3/
FBN1_cbEGF27-29_N1907D_Ca3,ca_ligand_pathogenic,N1907D,42387,pathogenic,FBN1_cbEGF27-29_Ca3,1849-1972,124,3,yes,structures/alphafold/fbn1_cbegf27-29_n1907d_ca3/
FBN1_cbEGF25-27_E1811K_Ca3,ca_ligand_pathogenic,E1811K,200063,pathogenic,FBN1_cbEGF25-27_Ca3,1766-1890,125,3,yes,structures/alphafold/fbn1_cbegf25-27_e1811k_ca3/
FBN1_cbEGF19-21_D1446N_Ca3,ca_ligand_pathogenic,D1446N,200042,pathogenic,FBN1_cbEGF19-21_Ca3,1363-1486,124,3,yes,structures/alphafold/fbn1_cbegf19-21_d1446n_ca3/
FBN1_cbEGF15-17_D1280N_Ca3,ca_ligand_pathogenic,D1280N,200025,pathogenic,FBN1_cbEGF15-17_Ca3,1197-1321,125,3,yes,structures/alphafold/fbn1_cbegf15-17_d1280n_ca3/
FBN1_cbEGF15-17_D1238N_Ca3,ca_ligand_pathogenic,D1238N,200022,pathogenic,FBN1_cbEGF15-17_Ca3,1197-1321,125,3,yes,structures/alphafold/fbn1_cbegf15-17_d1238n_ca3/
FBN1_cbEGF13-15_D1155N_Ca3,ca_ligand_pathogenic,D1155N,200017,pathogenic,FBN1_cbEGF13-15_Ca3,1113-1237,125,3,yes,structures/alphafold/fbn1_cbegf13-15_d1155n_ca3/
FBN1_cbEGF39-41_E2570K_Ca3,ca_ligand_pathogenic,E2570K,263398,pathogenic,FBN1_cbEGF39-41_Ca3,2485-2606,122,3,yes,structures/alphafold/fbn1_cbegf39-41_e2570k_ca3/
FBN1_cbEGF31-33_N2144H_Ca3,ca_ligand_pathogenic,N2144H,263837,pathogenic,FBN1_cbEGF31-33_Ca3,2013-2205,193,3,yes,structures/alphafold/fbn1_cbegf31-33_n2144h_ca3/
FBN1_cbEGF27-29_E1894K_Ca3,ca_ligand_pathogenic,E1894K,381610,pathogenic,FBN1_cbEGF27-29_Ca3,1849-1972,124,3,yes,structures/alphafold/fbn1_cbegf27-29_e1894k_ca3/
FBN1_cbEGF37-39_D2485G_Ca3,ca_ligand_pathogenic,D2485G,427047,pathogenic,FBN1_cbEGF37-39_Ca3,2402-2523,122,3,yes,structures/alphafold/fbn1_cbegf37-39_d2485g_ca3/
FBN1_cbEGF9-11_D1028G_Ca3,ca_ligand_pathogenic,D1028G,429319,pathogenic,FBN1_cbEGF9-11_Ca3,807-1069,263,3,yes,structures/alphafold/fbn1_cbegf9-11_d1028g_ca3/
FBN1_cbEGF29-31_E1976A_Ca3,ca_ligand_pathogenic,E1976A,519761,pathogenic,FBN1_cbEGF29-31_Ca3,1930-2054,125,3,yes,structures/alphafold/fbn1_cbegf29-31_e1976a_ca3/
FBN1_cbEGF27-29_D1930N_Ca3,ca_ligand_pathogenic,D1930N,547333,pathogenic,FBN1_cbEGF27-29_Ca3,1849-1972,124,3,yes,structures/alphafold/fbn1_cbegf27-29_d1930n_ca3/
FBN1_cbEGF13-15_N1173T_Ca3,ca_ligand_pathogenic,N1173T,547310,pathogenic,FBN1_cbEGF13-15_Ca3,1113-1237,125,3,yes,structures/alphafold/fbn1_cbegf13-15_n1173t_ca3/
FBN1_cbEGF41-43_N2624S_Ca3,ca_ligand_pathogenic,N2624S,549437,pathogenic,FBN1_cbEGF41-43_Ca3,2567-2687,121,3,yes,structures/alphafold/fbn1_cbegf41-43_n2624s_ca3/
FBN1_cbEGF21-23_E1490K_Ca3,ca_ligand_pathogenic,E1490K,549235,pathogenic,FBN1_cbEGF21-23_Ca3,1446-1647,202,3,yes,structures/alphafold/fbn1_cbegf21-23_e1490k_ca3/
FBN1_cbEGF21-23_D1487N_Ca3,ca_ligand_pathogenic,D1487N,549232,pathogenic,FBN1_cbEGF21-23_Ca3,1446-1647,202,3,yes,structures/alphafold/fbn1_cbegf21-23_d1487n_ca3/
FBN1_cbEGF3-5_N589S_Ca3,ca_ligand_pathogenic,N589S,549041,pathogenic,FBN1_cbEGF3-5_Ca3,490-612,123,3,yes,structures/alphafold/fbn1_cbegf3-5_n589s_ca3/
FBN1_cbEGF1-3_D490Y_Ca3,ca_ligand_pathogenic,D490Y,549019,pathogenic,FBN1_cbEGF1-3_Ca3,246-529,284,3,yes,structures/alphafold/fbn1_cbegf1-3_d490y_ca3/
FBN1_cbEGF41-43_D2607N_Ca3,ca_ligand_pathogenic,D2607N,636638,pathogenic,FBN1_cbEGF41-43_Ca3,2567-2687,121,3,yes,structures/alphafold/fbn1_cbegf41-43_d2607n_ca3/
FBN1_cbEGF27-29_D1891N_Ca3,ca_ligand_pathogenic,D1891N,1332764,pathogenic,FBN1_cbEGF27-29_Ca3,1849-1972,124,3,yes,structures/alphafold/fbn1_cbegf27-29_d1891n_ca3/
FBN1_cbEGF9-11_N1046S_Ca3,ca_ligand_pathogenic,N1046S,1333372,pathogenic,FBN1_cbEGF9-11_Ca3,807-1069,263,3,yes,structures/alphafold/fbn1_cbegf9-11_n1046s_ca3/
FBN1_cbEGF5-7_D723G_Ca3,ca_ligand_pathogenic,D723G,1343365,pathogenic,FBN1_cbEGF5-7_Ca3,572-764,193,3,yes,structures/alphafold/fbn1_cbegf5-7_d723g_ca3/
FBN1_cbEGF5-7_D613N_Ca3,ca_ligand_pathogenic,D613N,1355106,pathogenic,FBN1_cbEGF5-7_Ca3,572-764,193,3,yes,structures/alphafold/fbn1_cbegf5-7_d613n_ca3/
FBN1_cbEGF27-29_D1930G_Ca3,ca_ligand_pathogenic,D1930G,1723088,pathogenic,FBN1_cbEGF27-29_Ca3,1849-1972,124,3,yes,structures/alphafold/fbn1_cbegf27-29_d1930g_ca3/
FBN1_cbEGF17-19_D1322N_Ca3,ca_ligand_pathogenic,D1322N,2502068,pathogenic,FBN1_cbEGF17-19_Ca3,1280-1403,124,3,yes,structures/alphafold/fbn1_cbegf17-19_d1322n_ca3/
FBN1_cbEGF5-7_E726G_Ca3,ca_ligand_pathogenic,E726G,2925570,pathogenic,FBN1_cbEGF5-7_Ca3,572-764,193,3,yes,structures/alphafold/fbn1_cbegf5-7_e726g_ca3/
FBN1_cbEGF5-7_N741K_Ca3,ca_ligand_pathogenic,N741K,2943749,pathogenic,FBN1_cbEGF5-7_Ca3,572-764,193,3,yes,structures/alphafold/fbn1_cbegf5-7_n741k_ca3/
FBN1_cbEGF1-3_T382S_Ca3,negative_control,T382S,928435,unlabelled,FBN1_cbEGF1-3_Ca3,246-529,284,3,yes,structures/alphafold/fbn1_cbegf1-3_t382s_ca3/
FBN1_cbEGF13-15_V1172M_Ca3,negative_control,V1172M,42338,unlabelled,FBN1_cbEGF13-15_Ca3,1113-1237,125,3,yes,structures/alphafold/fbn1_cbegf13-15_v1172m_ca3/
FBN1_cbEGF15-17_Q1253P_Ca3,negative_control,Q1253P,1913257,unlabelled,FBN1_cbEGF15-17_Ca3,1197-1321,125,3,yes,structures/alphafold/fbn1_cbegf15-17_q1253p_ca3/
FBN1_cbEGF17-19_A1337P_Ca3,negative_control,A1337P,549199,unlabelled,FBN1_cbEGF17-19_Ca3,1280-1403,124,3,yes,structures/alphafold/fbn1_cbegf17-19_a1337p_ca3/
FBN1_cbEGF19-21_G1418S_Ca3,negative_control,G1418S,3754074,unlabelled,FBN1_cbEGF19-21_Ca3,1363-1486,124,3,yes,structures/alphafold/fbn1_cbegf19-21_g1418s_ca3/
FBN1_cbEGF21-23_L1536W_Ca3,negative_control,L1536W,963073,unlabelled,FBN1_cbEGF21-23_Ca3,1446-1647,202,3,yes,structures/alphafold/fbn1_cbegf21-23_l1536w_ca3/
FBN1_cbEGF23-25_L1710S_Ca3,negative_control,L1710S,2938113,unlabelled,FBN1_cbEGF23-25_Ca3,1606-1807,202,3,yes,structures/alphafold/fbn1_cbegf23-25_l1710s_ca3/
FBN1_cbEGF25-27_R1832S_Ca3,negative_control,R1832S,633216,unlabelled,FBN1_cbEGF25-27_Ca3,1766-1890,125,3,yes,structures/alphafold/fbn1_cbegf25-27_r1832s_ca3/
FBN1_cbEGF27-29_R1915L_Ca3,negative_control,R1915L,4793301,unlabelled,FBN1_cbEGF27-29_Ca3,1849-1972,124,3,yes,structures/alphafold/fbn1_cbegf27-29_r1915l_ca3/
FBN1_cbEGF29-31_G1994V_Ca3,negative_control,G1994V,1387480,unlabelled,FBN1_cbEGF29-31_Ca3,1930-2054,125,3,yes,structures/alphafold/fbn1_cbegf29-31_g1994v_ca3/
FBN1_cbEGF3-5_I547T_Ca3,negative_control,I547T,573231,unlabelled,FBN1_cbEGF3-5_Ca3,490-612,123,3,yes,structures/alphafold/fbn1_cbegf3-5_i547t_ca3/
FBN1_cbEGF31-33_I2110T_Ca3,negative_control,I2110T,3772348,unlabelled,FBN1_cbEGF31-33_Ca3,2013-2205,193,3,yes,structures/alphafold/fbn1_cbegf31-33_i2110t_ca3/
FBN1_cbEGF37-39_S2469L_Ca3,negative_control,S2469L,1172202,unlabelled,FBN1_cbEGF37-39_Ca3,2402-2523,122,3,yes,structures/alphafold/fbn1_cbegf37-39_s2469l_ca3/
FBN1_cbEGF39-41_T2549P_Ca3,negative_control,T2549P,3600258,unlabelled,FBN1_cbEGF39-41_Ca3,2485-2606,122,3,yes,structures/alphafold/fbn1_cbegf39-41_t2549p_ca3/
FBN1_cbEGF1-3_N261S_Ca3,composition_control,N261S,519802,unlabelled,FBN1_cbEGF1-3_Ca3,246-529,284,3,yes,structures/alphafold/fbn1_cbegf1-3_n261s_ca3/
FBN1_cbEGF1-3_E487A_Ca3,composition_control,E487A,629467,vus,FBN1_cbEGF1-3_Ca3,246-529,284,3,yes,structures/alphafold/fbn1_cbegf1-3_e487a_ca3/
FBN1_cbEGF15-17_D1250Y_Ca3,composition_control,D1250Y,549184,unlabelled,FBN1_cbEGF15-17_Ca3,1197-1321,125,3,yes,structures/alphafold/fbn1_cbegf15-17_d1250y_ca3/
FBN1_cbEGF17-19_E1366Q_Ca3,composition_control,E1366Q,263872,unlabelled,FBN1_cbEGF17-19_Ca3,1280-1403,124,3,yes,structures/alphafold/fbn1_cbegf17-19_e1366q_ca3/
FBN1_cbEGF21-23_D1512V_Ca3,composition_control,D1512V,4757782,unlabelled,FBN1_cbEGF21-23_Ca3,1446-1647,202,3,yes,structures/alphafold/fbn1_cbegf21-23_d1512v_ca3/
FBN1_cbEGF23-25_E1653K_Ca3,composition_control,E1653K,4756831,unlabelled,FBN1_cbEGF23-25_Ca3,1606-1807,202,3,yes,structures/alphafold/fbn1_cbegf23-25_e1653k_ca3/
FBN1_cbEGF25-27_N1858T_Ca3,composition_control,N1858T,971295,unlabelled,FBN1_cbEGF25-27_Ca3,1766-1890,125,3,yes,structures/alphafold/fbn1_cbegf25-27_n1858t_ca3/
FBN1_cbEGF29-31_D1993N_Ca3,composition_control,D1993N,579213,vus,FBN1_cbEGF29-31_Ca3,1930-2054,125,3,yes,structures/alphafold/fbn1_cbegf29-31_d1993n_ca3/
FBN1_cbEGF31-33_D2104G_Ca3,composition_control,D2104G,3386774,unlabelled,FBN1_cbEGF31-33_Ca3,2013-2205,193,3,yes,structures/alphafold/fbn1_cbegf31-33_d2104g_ca3/
FBN1_cbEGF37-39_D2487G_Ca3,composition_control,D2487G,1759019,pathogenic,FBN1_cbEGF37-39_Ca3,2402-2523,122,3,yes,structures/alphafold/fbn1_cbegf37-39_d2487g_ca3/
FBN1_cbEGF5-7_E638K_Ca3,composition_control,E638K,1332614,vus,FBN1_cbEGF5-7_Ca3,572-764,193,3,yes,structures/alphafold/fbn1_cbegf5-7_e638k_ca3/
FBN1_cbEGF9-11_N867K_Ca3,composition_control,N867K,1171630,unlabelled,FBN1_cbEGF9-11_Ca3,807-1069,263,3,yes,structures/alphafold/fbn1_cbegf9-11_n867k_ca3/
